ID,Branche,Unternehmensgröße,Vertragsbeginn,Laufzeit,monatliche_Grundgebühr
CUST0001,Handel,460,2023-05-17,36,2696
CUST0002,Öffentlicher Sektor,112,2025-05-21,36,2565
CUST0003,Gesundheit,11,2023-04-17,36,617
CUST0004,Öffentlicher Sektor,112,2024-04-15,36,2888
CUST0005,IT,12,2024-08-30,24,609
CUST0006,Handel,114,2025-01-10,24,1610
CUST0007,IT,14,2023-04-21,24,693
CUST0008,IT,10,2023-07-24,36,515
CUST0009,Gesundheit,10,2025-08-24,36,286
CUST0010,Gesundheit,104,2023-10-22,36,1163
CUST0011,Finanzen,14,2025-08-01,36,887
CUST0012,Öffentlicher Sektor,452,2025-10-26,36,8990
CUST0013,Gesundheit,9,2025-04-16,36,355
CUST0014,Industrie,13,2024-04-29,36,224
CUST0015,IT,107,2023-10-22,36,1130
CUST0016,Gesundheit,10,2025-03-10,24,586
CUST0017,IT,102,2024-02-19,36,2678
CUST0018,Finanzen,11,2023-11-16,36,238
CUST0019,Industrie,12,2025-01-25,36,345
CUST0020,Medien,110,2024-08-18,24,963
CUST0021,IT,115,2023-08-21,24,1383
CUST0022,IT,126,2024-12-05,36,2429
CUST0023,Finanzen,106,2025-01-13,24,1970
CUST0024,Handel,13,2024-02-16,24,309
CUST0025,IT,14,2024-08-06,36,199
CUST0026,Industrie,98,2023-07-04,36,2560
CUST0027,Finanzen,116,2025-11-05,24,1339
CUST0028,Öffentlicher Sektor,18,2023-08-06,24,514
CUST0029,Handel,470,2024-11-13,36,4069
CUST0030,Medien,127,2024-04-09,36,1477
CUST0031,IT,15,2025-02-24,36,738
CUST0032,Industrie,427,2024-02-20,36,7486
CUST0033,Medien,13,2025-03-22,36,336
CUST0034,IT,8,2025-07-03,36,450
CUST0035,Finanzen,11,2025-03-19,24,328
CUST0036,Handel,16,2025-06-16,24,711
CUST0037,IT,102,2023-04-11,36,1418
CUST0038,Finanzen,20,2023-10-19,36,907
CUST0039,IT,124,2025-11-30,36,2518
CUST0040,Finanzen,10,2023-12-02,36,626
CUST0041,Industrie,116,2025-01-09,36,936
CUST0042,IT,13,2024-08-16,24,820
CUST0043,IT,110,2025-03-31,36,1804
CUST0044,Handel,14,2025-04-09,36,467
CUST0045,IT,8,2024-03-10,36,163
CUST0046,Handel,124,2024-05-04,24,1601
CUST0047,Industrie,10,2025-12-23,36,311
CUST0048,IT,13,2023-02-02,36,564
CUST0049,Industrie,18,2023-04-12,24,387
CUST0050,Gesundheit,8,2025-04-08,24,657
CUST0051,IT,14,2024-06-12,24,681
CUST0052,Finanzen,449,2024-06-24,24,4306
CUST0053,Handel,15,2023-12-23,36,369
CUST0054,Öffentlicher Sektor,12,2023-07-21,36,523
CUST0055,Finanzen,11,2023-03-29,36,199
CUST0056,Öffentlicher Sektor,9,2023-08-19,24,343
CUST0057,Finanzen,452,2024-02-10,36,4626
CUST0058,IT,15,2023-07-17,36,201
CUST0059,IT,7,2025-02-01,24,582
CUST0060,Handel,11,2024-03-22,36,653
CUST0061,Öffentlicher Sektor,20,2025-06-18,24,697
CUST0062,Finanzen,13,2024-03-09,24,305
CUST0063,IT,12,2025-07-17,36,479
CUST0064,Finanzen,17,2024-01-13,36,421
CUST0065,Handel,104,2025-05-20,24,1667
CUST0066,Medien,95,2025-11-21,24,1727
CUST0067,Industrie,8,2025-06-20,24,284
CUST0068,Industrie,14,2024-03-20,36,879
CUST0069,Finanzen,9,2024-05-30,36,650
CUST0070,Finanzen,9,2023-04-17,24,528
CUST0071,Gesundheit,128,2024-10-11,36,2509
CUST0072,IT,11,2023-11-20,24,484
CUST0073,Gesundheit,13,2023-06-23,36,173
CUST0074,Finanzen,105,2024-06-28,24,2079
CUST0075,Finanzen,98,2023-02-12,36,2670
CUST0076,IT,16,2023-06-29,24,830
CUST0077,Gesundheit,9,2025-10-20,36,178
CUST0078,IT,101,2023-04-11,36,2051
CUST0079,Gesundheit,16,2024-05-18,36,765
CUST0080,Finanzen,13,2023-04-27,36,929
CUST0081,Öffentlicher Sektor,9,2024-02-18,36,269
CUST0082,Gesundheit,13,2025-12-13,36,845
CUST0083,Gesundheit,454,2025-01-10,36,6874
CUST0084,Gesundheit,14,2024-05-12,24,802
CUST0085,Öffentlicher Sektor,15,2024-10-13,24,793
CUST0086,Gesundheit,12,2024-03-15,24,800
CUST0087,Finanzen,103,2023-12-23,24,2684
CUST0088,Industrie,13,2023-12-29,24,952
CUST0089,IT,10,2024-01-11,36,601
CUST0090,Gesundheit,111,2025-11-11,36,841
CUST0091,Gesundheit,102,2025-07-05,36,1989
CUST0092,IT,107,2025-03-03,36,1528
CUST0093,Gesundheit,17,2025-04-14,36,613
CUST0094,IT,22,2024-02-24,36,845
CUST0095,Finanzen,17,2024-06-08,36,954
CUST0096,Industrie,18,2024-12-30,36,426
CUST0097,Gesundheit,7,2023-06-12,24,569
CUST0098,Industrie,107,2025-04-30,24,1184
CUST0099,IT,7,2025-05-10,36,847
CUST0100,Medien,13,2025-11-02,36,447
CUST0101,Gesundheit,22,2023-04-13,36,477
CUST0102,Finanzen,105,2025-06-07,24,3001
CUST0103,Industrie,16,2025-11-24,36,252
CUST0104,Industrie,10,2025-02-19,36,839
CUST0105,Gesundheit,110,2025-01-24,36,3119
CUST0106,Handel,107,2025-05-01,36,2234
CUST0107,IT,110,2024-09-18,24,2049
CUST0108,Handel,10,2023-08-08,36,298
CUST0109,Öffentlicher Sektor,15,2023-11-16,36,732
CUST0110,IT,115,2023-07-11,36,1904
CUST0111,Finanzen,109,2024-07-29,36,1904
CUST0112,IT,19,2025-10-23,24,547
CUST0113,Industrie,19,2024-07-22,36,731
CUST0114,Industrie,467,2025-04-08,36,5048
CUST0115,IT,11,2024-10-22,24,531
CUST0116,IT,15,2024-07-14,36,531
CUST0117,Gesundheit,7,2024-06-14,24,310
CUST0118,Industrie,18,2024-10-22,24,655
CUST0119,Industrie,16,2025-02-16,24,934
CUST0120,Finanzen,17,2025-10-12,36,466
CUST0121,Industrie,8,2025-12-09,24,799
CUST0122,IT,448,2023-07-13,36,4617
CUST0123,IT,11,2023-06-06,24,226
CUST0124,Handel,446,2024-07-21,24,4168
CUST0125,Handel,459,2024-09-08,24,5695
CUST0126,Handel,96,2024-10-31,24,2477
CUST0127,IT,10,2023-10-19,24,588
CUST0128,Industrie,18,2024-11-24,36,178
CUST0129,IT,11,2023-12-06,36,878
CUST0130,IT,9,2023-05-20,36,708
CUST0131,Öffentlicher Sektor,12,2023-03-24,24,971
CUST0132,Industrie,9,2024-05-12,36,323
CUST0133,Finanzen,13,2024-02-14,36,837
CUST0134,Finanzen,12,2024-12-19,36,864
CUST0135,IT,438,2024-05-09,24,5224
CUST0136,Öffentlicher Sektor,118,2024-10-23,36,1118
CUST0137,Industrie,15,2025-07-13,24,537
CUST0138,Handel,12,2025-01-17,36,408
CUST0139,Finanzen,96,2025-11-18,36,2227
CUST0140,IT,106,2025-10-29,24,2497
CUST0141,Medien,447,2024-12-06,36,6456
CUST0142,Handel,450,2023-08-30,36,3514
CUST0143,Gesundheit,106,2024-07-08,24,2387
CUST0144,Gesundheit,11,2025-06-17,36,377
CUST0145,Handel,11,2024-06-17,36,729
CUST0146,Handel,10,2024-03-02,36,237
CUST0147,Handel,451,2025-05-27,24,3368
CUST0148,Gesundheit,13,2023-10-19,24,618
CUST0149,Öffentlicher Sektor,12,2023-10-14,24,560
CUST0150,IT,115,2024-09-25,36,1757
CUST0151,Industrie,13,2025-03-15,36,610
CUST0152,Finanzen,97,2025-01-02,24,1968
CUST0153,Handel,15,2024-11-06,36,401
CUST0154,Finanzen,11,2025-07-27,24,706
CUST0155,Finanzen,11,2024-11-25,36,314
CUST0156,Handel,12,2025-11-26,36,381
CUST0157,Finanzen,115,2024-05-18,36,1157
CUST0158,IT,15,2024-07-29,24,356
CUST0159,Industrie,12,2025-07-28,24,381
CUST0160,Industrie,7,2024-01-25,36,903
CUST0161,Handel,16,2023-02-03,24,526
CUST0162,Handel,26,2023-08-05,36,608
CUST0163,IT,10,2024-08-23,24,307
CUST0164,Handel,12,2025-01-29,36,186
CUST0165,IT,107,2023-04-08,24,3123
CUST0166,Finanzen,438,2025-12-15,36,6726
CUST0167,Handel,11,2023-12-12,36,697
CUST0168,Industrie,10,2023-11-06,36,884
CUST0169,Industrie,13,2025-02-25,36,340
CUST0170,Industrie,15,2025-12-12,36,952
CUST0171,Industrie,105,2024-09-28,36,1320
CUST0172,Handel,12,2024-05-24,36,182
CUST0173,Handel,121,2025-10-31,36,1487
CUST0174,Handel,14,2023-09-11,36,503
CUST0175,Industrie,13,2024-03-06,24,373
CUST0176,Handel,103,2024-06-16,36,2119
CUST0177,Finanzen,15,2025-08-23,36,834
CUST0178,Industrie,16,2024-05-14,36,249
CUST0179,Industrie,111,2025-05-08,36,1094
CUST0180,Finanzen,21,2023-03-18,24,538
CUST0181,IT,107,2025-02-22,36,2049
CUST0182,IT,10,2023-09-25,36,677
CUST0183,Finanzen,20,2023-06-02,36,289
CUST0184,Finanzen,17,2025-11-18,36,466
CUST0185,Finanzen,118,2024-09-22,24,3323
CUST0186,Finanzen,19,2025-06-09,36,381
CUST0187,Industrie,13,2024-01-16,36,540
CUST0188,Medien,12,2024-08-21,36,191
CUST0189,IT,101,2024-02-02,24,822
CUST0190,IT,109,2025-04-19,24,1170
CUST0191,Finanzen,15,2025-12-12,24,630
CUST0192,Öffentlicher Sektor,14,2023-10-12,24,376
CUST0193,Medien,453,2025-07-09,36,3438
CUST0194,Finanzen,14,2024-10-15,24,597
CUST0195,Handel,13,2025-06-20,36,578
CUST0196,IT,105,2024-10-25,24,2024
CUST0197,Gesundheit,9,2025-12-16,36,312
CUST0198,IT,110,2023-08-30,36,1592
CUST0199,Gesundheit,13,2023-07-11,36,250
CUST0200,Handel,125,2024-01-20,24,1532
CUST0201,Finanzen,116,2025-11-14,36,1165
CUST0202,IT,14,2024-10-04,36,593
CUST0203,Gesundheit,465,2023-07-26,24,6981
CUST0204,Finanzen,111,2025-01-01,36,3333
CUST0205,Handel,104,2024-12-09,24,1928
CUST0206,IT,14,2023-10-11,36,403
CUST0207,Handel,15,2023-05-17,24,429
CUST0208,IT,91,2023-09-09,24,1650
CUST0209,Handel,16,2023-07-05,24,524
CUST0210,Handel,10,2024-04-06,36,707
CUST0211,Handel,457,2023-05-08,36,3533
CUST0212,Handel,122,2024-09-12,36,2412
CUST0213,IT,12,2024-11-01,36,525
CUST0214,Gesundheit,18,2024-08-12,36,167
CUST0215,IT,93,2025-03-22,36,1045
CUST0216,Handel,94,2023-03-01,36,2661
CUST0217,IT,111,2025-09-30,24,2654
CUST0218,Finanzen,14,2024-03-13,24,322
CUST0219,Industrie,11,2025-06-14,24,538
CUST0220,Finanzen,443,2024-07-22,36,5454
CUST0221,Finanzen,7,2025-03-13,36,960
CUST0222,IT,13,2024-11-19,24,508
CUST0223,Industrie,15,2024-11-26,36,798
CUST0224,Handel,9,2025-03-25,24,384
CUST0225,Öffentlicher Sektor,13,2024-09-17,24,472
CUST0226,Gesundheit,14,2023-10-18,24,469
CUST0227,Handel,13,2023-11-10,36,257
CUST0228,Handel,451,2025-07-05,36,3204
CUST0229,Handel,16,2023-05-11,24,223
CUST0230,Handel,9,2023-10-15,36,515
CUST0231,Handel,12,2025-10-20,36,726
CUST0232,IT,14,2023-11-02,36,446
CUST0233,Gesundheit,11,2024-07-10,36,360
CUST0234,Handel,15,2025-05-26,36,341
CUST0235,IT,9,2024-03-12,36,547
CUST0236,Finanzen,16,2025-06-23,36,356
CUST0237,IT,13,2023-01-24,36,521
CUST0238,Medien,12,2024-11-03,24,447
CUST0239,Finanzen,10,2025-04-07,36,949
CUST0240,IT,105,2025-07-18,36,1552
CUST0241,Gesundheit,115,2025-03-19,24,2754
CUST0242,Finanzen,16,2024-11-27,36,690
CUST0243,Medien,15,2023-03-14,36,266
CUST0244,Gesundheit,12,2024-12-17,24,311
CUST0245,Industrie,453,2025-08-02,36,7484
CUST0246,IT,10,2024-01-31,24,156
CUST0247,Gesundheit,124,2024-09-23,24,1107
CUST0248,Finanzen,124,2023-07-13,24,1858
CUST0249,Handel,108,2025-06-27,36,868
CUST0250,Finanzen,10,2024-09-01,24,428
CUST0251,Handel,6,2023-04-03,36,145
CUST0252,Gesundheit,17,2025-05-07,24,799
CUST0253,Handel,14,2025-12-01,24,340
CUST0254,IT,12,2023-11-21,36,487
CUST0255,Handel,19,2025-05-26,36,450
CUST0256,IT,12,2023-05-20,36,226
CUST0257,IT,11,2024-08-19,36,355
CUST0258,Handel,10,2023-04-08,36,719
CUST0259,Handel,16,2024-08-06,36,242
CUST0260,IT,17,2024-07-03,24,510
CUST0261,Finanzen,12,2024-07-03,36,734
CUST0262,Gesundheit,14,2024-09-23,36,465
CUST0263,Handel,103,2024-05-27,36,1378
CUST0264,Gesundheit,12,2024-01-16,36,409
CUST0265,IT,19,2023-03-29,24,348
CUST0266,Finanzen,104,2024-04-09,24,2218
CUST0267,Industrie,12,2024-05-16,36,375
CUST0268,Finanzen,14,2025-01-14,36,944
CUST0269,IT,110,2023-04-03,36,2436
CUST0270,Industrie,102,2024-01-28,24,3349
CUST0271,Handel,17,2024-07-15,36,597
CUST0272,IT,112,2025-11-16,24,1796
CUST0273,Handel,11,2025-01-24,36,291
CUST0274,Medien,450,2023-04-11,36,5941
CUST0275,Industrie,17,2023-05-05,24,830
CUST0276,Finanzen,12,2024-02-21,36,305
CUST0277,Gesundheit,13,2025-04-27,36,764
CUST0278,Industrie,119,2025-08-08,24,1356
CUST0279,IT,10,2025-08-29,36,357
CUST0280,Finanzen,121,2024-06-22,36,1411
CUST0281,Handel,12,2024-06-20,36,131
CUST0282,Gesundheit,16,2024-08-25,36,688
CUST0283,Handel,96,2025-04-30,36,1530
CUST0284,Industrie,12,2023-08-10,24,879
CUST0285,IT,12,2023-03-11,24,197
CUST0286,IT,8,2023-06-11,24,776
CUST0287,Handel,433,2023-02-03,36,4028
CUST0288,IT,109,2024-01-23,36,1781
CUST0289,IT,467,2025-01-12,36,5373
CUST0290,Handel,11,2025-03-20,36,193
CUST0291,Finanzen,112,2025-08-04,36,2491
CUST0292,Finanzen,105,2024-11-23,36,1177
CUST0293,Industrie,16,2023-05-17,24,604
CUST0294,Handel,118,2024-06-13,36,785
CUST0295,Gesundheit,18,2023-12-05,36,335
CUST0296,Handel,15,2023-07-14,36,471
CUST0297,Finanzen,13,2023-05-12,36,388
CUST0298,Gesundheit,12,2024-02-14,36,244
CUST0299,Gesundheit,12,2024-10-26,36,953
CUST0300,Industrie,106,2023-05-23,36,2760
CUST0301,Handel,11,2023-12-19,24,543
CUST0302,IT,13,2023-01-25,36,677
CUST0303,Finanzen,10,2024-04-15,36,1017
CUST0304,Finanzen,16,2025-06-19,36,688
CUST0305,IT,113,2025-01-11,24,1828
CUST0306,Handel,106,2025-04-20,24,1605
CUST0307,Finanzen,10,2023-09-15,36,565
CUST0308,Industrie,10,2023-10-18,36,184
CUST0309,Finanzen,13,2023-11-18,36,1034
CUST0310,Gesundheit,18,2024-05-08,24,258
CUST0311,Industrie,12,2023-10-12,36,658
CUST0312,Finanzen,9,2025-06-07,24,497
CUST0313,Öffentlicher Sektor,434,2024-07-10,36,5546
CUST0314,IT,13,2023-03-14,36,484
CUST0315,Medien,115,2025-09-27,36,2850
CUST0316,Öffentlicher Sektor,120,2025-01-03,36,2330
CUST0317,Finanzen,109,2024-01-17,24,1915
CUST0318,Gesundheit,13,2024-10-22,24,289
CUST0319,Medien,12,2023-09-23,36,203
CUST0320,Öffentlicher Sektor,441,2023-05-24,24,6155
CUST0321,IT,132,2025-02-23,36,1655
CUST0322,IT,100,2024-07-24,36,1873
CUST0323,Handel,112,2024-12-07,36,1650
CUST0324,Gesundheit,14,2024-12-12,24,608
CUST0325,IT,18,2024-04-30,36,743
CUST0326,Industrie,8,2025-11-04,36,811
CUST0327,Finanzen,14,2025-07-24,36,443
CUST0328,Handel,22,2025-04-03,36,374
CUST0329,Industrie,102,2025-10-02,36,2923
CUST0330,Gesundheit,114,2023-03-09,36,2262
CUST0331,Gesundheit,17,2025-07-27,36,291
CUST0332,IT,15,2024-01-22,36,317
CUST0333,Handel,14,2024-02-26,36,547
CUST0334,Industrie,449,2023-10-22,24,6499
CUST0335,Industrie,102,2024-05-05,36,3285
CUST0336,Gesundheit,123,2024-02-22,24,2122
CUST0337,Handel,14,2025-08-01,24,435
CUST0338,Industrie,462,2024-09-29,24,5090
CUST0339,Industrie,458,2024-12-17,36,3765
CUST0340,Handel,460,2025-05-17,36,5518
CUST0341,IT,12,2025-03-23,24,364
CUST0342,IT,16,2023-04-15,36,419
CUST0343,Finanzen,114,2025-05-23,36,2444
CUST0344,IT,14,2025-06-14,36,460
CUST0345,Industrie,10,2023-04-04,36,678
CUST0346,Finanzen,110,2023-05-28,36,2282
CUST0347,Finanzen,106,2024-12-16,36,3189
CUST0348,Finanzen,14,2024-05-28,36,602
CUST0349,Handel,18,2024-10-15,36,669
CUST0350,Medien,14,2024-06-25,36,617
CUST0351,Handel,103,2024-08-10,36,1273
CUST0352,Gesundheit,11,2025-12-26,36,708
CUST0353,IT,18,2024-10-08,36,741
CUST0354,Handel,9,2024-10-03,24,706
CUST0355,Medien,13,2024-01-13,24,476
CUST0356,Handel,11,2023-10-10,36,685
CUST0357,Finanzen,104,2024-10-04,24,3038
CUST0358,Handel,11,2023-11-01,36,589
CUST0359,Industrie,14,2024-03-28,36,592
CUST0360,IT,103,2025-03-25,36,2833
CUST0361,Handel,12,2025-06-07,24,665
CUST0362,Finanzen,120,2024-12-15,36,3059
CUST0363,Finanzen,9,2025-11-13,36,473
CUST0364,Handel,16,2024-12-31,36,237
CUST0365,Handel,11,2024-07-08,24,554
CUST0366,Industrie,108,2023-11-26,36,3456
CUST0367,IT,108,2023-03-09,36,2339
CUST0368,IT,19,2025-02-12,36,577
CUST0369,Medien,129,2024-11-26,36,1671
CUST0370,IT,7,2024-02-01,24,419
CUST0371,IT,111,2023-09-25,36,1922
CUST0372,IT,9,2024-11-29,24,209
CUST0373,Finanzen,20,2024-07-08,24,739
CUST0374,Medien,13,2025-10-24,36,594
CUST0375,IT,14,2025-08-12,36,790
CUST0376,Medien,16,2024-10-04,24,290
CUST0377,Industrie,15,2023-12-10,24,360
CUST0378,IT,445,2023-06-12,24,4889
CUST0379,Industrie,10,2025-05-01,36,692
CUST0380,Gesundheit,13,2024-01-05,36,531
CUST0381,Handel,13,2024-11-09,36,133
CUST0382,Industrie,106,2023-04-30,36,1259
CUST0383,Gesundheit,16,2024-04-01,36,743
CUST0384,Medien,16,2025-02-27,36,475
CUST0385,Handel,15,2024-09-10,36,215
CUST0386,Finanzen,462,2025-07-28,36,8297
CUST0387,Medien,10,2023-10-13,24,225
CUST0388,Industrie,9,2023-11-07,24,423
CUST0389,Finanzen,13,2025-03-07,24,196
CUST0390,Industrie,455,2024-09-29,24,6152
CUST0391,Industrie,9,2025-09-15,36,575
CUST0392,Handel,466,2025-07-05,36,5393
CUST0393,Medien,105,2023-03-02,36,1099
CUST0394,Finanzen,439,2024-09-07,36,9221
CUST0395,Handel,111,2024-02-02,36,2612
CUST0396,Industrie,12,2024-04-20,36,712
CUST0397,Gesundheit,110,2024-08-10,36,2525
CUST0398,Gesundheit,14,2024-08-03,36,431
CUST0399,Gesundheit,105,2024-11-17,24,3004
CUST0400,Medien,103,2023-07-20,36,1237
CUST0401,Medien,15,2024-07-09,24,613
CUST0402,Handel,11,2024-07-26,24,637
CUST0403,Handel,14,2024-04-15,36,264
CUST0404,Handel,13,2025-12-16,36,755
CUST0405,Handel,9,2025-11-24,24,531
CUST0406,Finanzen,13,2025-09-27,24,324
CUST0407,Handel,19,2023-04-22,24,401
CUST0408,Industrie,7,2024-06-15,24,555
CUST0409,Gesundheit,14,2025-01-31,36,563
CUST0410,Gesundheit,9,2025-12-03,24,849
CUST0411,IT,5,2023-11-28,24,802
CUST0412,Gesundheit,14,2024-07-10,36,258
CUST0413,IT,451,2023-07-29,36,3631
CUST0414,Industrie,104,2024-06-15,24,1792
CUST0415,Handel,18,2025-12-22,36,319
CUST0416,Gesundheit,14,2025-09-27,24,365
CUST0417,Finanzen,111,2024-04-15,36,2192
CUST0418,Industrie,116,2023-06-02,36,1308
CUST0419,Medien,9,2025-09-24,36,275
CUST0420,Handel,8,2023-02-15,36,466
CUST0421,Medien,14,2023-06-24,36,688
CUST0422,Industrie,19,2023-11-09,24,516
CUST0423,IT,9,2024-10-15,36,907
CUST0424,Industrie,20,2025-04-24,36,357
CUST0425,IT,11,2024-09-10,36,427
CUST0426,IT,440,2025-02-10,24,6514
CUST0427,Handel,470,2023-09-12,24,5885
CUST0428,Medien,116,2025-02-09,24,2470
CUST0429,IT,444,2023-11-08,24,7020
CUST0430,Handel,12,2023-08-15,24,572
CUST0431,Gesundheit,12,2023-05-23,24,797
CUST0432,Finanzen,107,2024-05-02,24,1641
CUST0433,Finanzen,15,2025-06-24,36,1014
CUST0434,IT,17,2025-08-01,24,772
CUST0435,IT,15,2023-04-22,36,494
CUST0436,Öffentlicher Sektor,488,2023-08-31,24,5834
CUST0437,Gesundheit,10,2023-09-30,36,703
CUST0438,Handel,15,2024-10-22,36,466
CUST0439,Handel,131,2025-06-14,36,1887
CUST0440,Medien,436,2024-05-01,36,6212
CUST0441,Handel,6,2023-02-02,36,311
CUST0442,IT,124,2024-07-14,36,1343
CUST0443,Industrie,101,2025-07-12,36,3004
CUST0444,Gesundheit,17,2024-06-18,24,652
CUST0445,IT,14,2024-12-03,36,375
CUST0446,Medien,122,2024-11-21,36,1910
CUST0447,IT,11,2024-12-22,24,526
CUST0448,IT,8,2023-03-28,36,263
CUST0449,Finanzen,118,2025-01-15,36,2121
CUST0450,Öffentlicher Sektor,107,2024-03-11,36,1721
CUST0451,Finanzen,11,2024-01-21,36,338
CUST0452,Industrie,450,2024-01-31,36,7041
CUST0453,Finanzen,18,2025-06-08,24,355
CUST0454,Finanzen,10,2024-10-16,24,454
CUST0455,Öffentlicher Sektor,10,2025-05-20,24,567
CUST0456,Gesundheit,429,2025-05-12,24,3496
CUST0457,Handel,477,2023-07-06,36,4735
CUST0458,Industrie,15,2025-07-28,36,855
CUST0459,Handel,13,2024-07-17,36,137
CUST0460,Handel,18,2023-04-01,24,588
CUST0461,Öffentlicher Sektor,11,2023-04-18,24,279
CUST0462,Handel,440,2024-09-26,36,4608
CUST0463,Industrie,13,2024-09-20,36,236
CUST0464,IT,9,2024-09-05,24,852
CUST0465,Industrie,15,2024-03-07,36,484
CUST0466,Finanzen,15,2025-12-18,36,465
CUST0467,Finanzen,6,2024-11-13,36,991
CUST0468,Industrie,11,2024-04-14,36,647
CUST0469,Gesundheit,6,2025-05-13,24,488
CUST0470,Finanzen,8,2024-09-29,36,871
CUST0471,IT,102,2023-12-15,24,1930
CUST0472,IT,13,2024-05-08,36,744
CUST0473,Handel,106,2023-05-11,36,1225
CUST0474,Finanzen,9,2024-09-21,24,961
CUST0475,Gesundheit,11,2024-07-04,24,395
CUST0476,Handel,11,2023-02-11,36,394
CUST0477,Finanzen,7,2024-06-29,36,509
CUST0478,IT,10,2025-12-20,24,742
CUST0479,Medien,7,2024-09-13,36,427
CUST0480,Gesundheit,115,2025-04-18,36,1360
CUST0481,Finanzen,460,2023-10-12,24,8785
CUST0482,IT,14,2024-10-14,24,263
CUST0483,Gesundheit,8,2023-12-24,36,665
CUST0484,Industrie,119,2025-01-19,24,3043
CUST0485,IT,10,2024-06-30,36,696
CUST0486,Gesundheit,114,2025-08-03,36,1689
CUST0487,Finanzen,14,2025-01-02,36,977
CUST0488,Industrie,15,2024-09-02,36,246
CUST0489,Industrie,103,2023-10-06,36,2479
CUST0490,Handel,10,2024-09-05,36,187
CUST0491,Industrie,116,2025-05-19,24,1943
CUST0492,Gesundheit,18,2025-07-22,36,366
CUST0493,Gesundheit,104,2025-05-20,24,1412
CUST0494,Industrie,10,2023-04-22,24,456
CUST0495,Finanzen,13,2024-07-27,24,336
CUST0496,Handel,14,2025-07-14,24,251
CUST0497,Industrie,457,2024-01-01,24,7162
CUST0498,Gesundheit,11,2025-05-02,24,870
CUST0499,Medien,16,2023-05-29,24,524
CUST0500,IT,10,2024-03-21,24,243
CUST0501,IT,116,2025-05-10,24,3046
CUST0502,Finanzen,113,2023-03-23,24,1600
CUST0503,Handel,15,2025-04-04,36,337
CUST0504,Medien,8,2023-08-24,24,257
CUST0505,Handel,102,2024-04-01,36,1363
CUST0506,Industrie,14,2025-02-02,36,246
CUST0507,Industrie,13,2023-07-10,36,890
CUST0508,Gesundheit,6,2023-10-11,36,183
CUST0509,Gesundheit,14,2024-02-08,24,600
CUST0510,IT,452,2024-01-27,36,4144
CUST0511,Gesundheit,12,2024-06-19,24,474
CUST0512,IT,15,2024-05-05,24,365
CUST0513,Finanzen,111,2023-06-29,24,2555
CUST0514,Handel,103,2025-12-03,24,2040
CUST0515,Handel,131,2024-11-14,24,1139
CUST0516,IT,16,2024-06-15,24,564
CUST0517,Industrie,8,2024-11-29,36,643
CUST0518,Handel,9,2023-02-11,36,503
CUST0519,Finanzen,17,2024-08-01,36,213
CUST0520,Finanzen,445,2025-03-12,36,7396
CUST0521,IT,15,2023-02-13,36,208
CUST0522,IT,16,2024-09-11,36,605
CUST0523,Industrie,19,2025-11-07,36,456
CUST0524,Handel,9,2025-11-01,36,552
CUST0525,Industrie,14,2025-02-02,36,236
CUST0526,IT,109,2023-10-17,24,2255
CUST0527,Medien,8,2024-04-10,36,317
CUST0528,Öffentlicher Sektor,470,2024-05-09,24,5434
CUST0529,IT,13,2023-06-30,24,461
CUST0530,Finanzen,10,2025-01-06,36,925
CUST0531,Finanzen,109,2025-11-20,36,2272
CUST0532,IT,17,2024-12-12,36,232
CUST0533,Finanzen,19,2025-05-24,36,302
CUST0534,Finanzen,20,2024-08-29,36,228
CUST0535,Industrie,108,2023-09-17,24,1030
CUST0536,Medien,18,2023-08-08,24,358
CUST0537,Industrie,419,2023-10-11,36,3935
CUST0538,Handel,112,2025-08-14,36,2487
CUST0539,Handel,12,2023-02-26,36,137
CUST0540,Industrie,112,2025-08-02,36,1678
CUST0541,IT,105,2024-02-25,36,3031
CUST0542,Handel,109,2025-06-26,36,996
CUST0543,Gesundheit,9,2023-05-27,24,720
CUST0544,Industrie,10,2025-06-09,24,395
CUST0545,Finanzen,113,2025-08-13,36,3231
CUST0546,Handel,115,2024-06-23,36,1844
CUST0547,Handel,12,2025-08-28,24,229
CUST0548,Handel,8,2024-07-28,36,267
CUST0549,Finanzen,12,2023-05-30,24,242
CUST0550,Finanzen,104,2024-09-22,36,1159
CUST0551,Handel,13,2025-08-18,36,232
CUST0552,Handel,10,2024-11-04,36,282
CUST0553,Finanzen,18,2025-05-03,36,246
CUST0554,Finanzen,14,2024-05-31,36,966
CUST0555,Gesundheit,112,2024-08-02,24,2078
CUST0556,Medien,19,2023-01-24,24,677
CUST0557,Finanzen,136,2023-07-27,36,1987
CUST0558,Industrie,469,2023-03-28,36,3417
CUST0559,Industrie,11,2024-04-21,36,605
CUST0560,IT,100,2023-01-20,36,2974
CUST0561,Handel,111,2023-02-24,36,903
CUST0562,IT,111,2025-08-03,24,2207
CUST0563,Finanzen,15,2023-04-21,36,579
CUST0564,Medien,11,2025-04-16,36,712
CUST0565,Finanzen,126,2025-05-28,24,3023
CUST0566,Handel,17,2024-11-27,24,145
CUST0567,Industrie,14,2025-11-03,36,846
CUST0568,Handel,112,2025-10-24,24,2630
CUST0569,IT,116,2024-02-04,36,2092
CUST0570,Finanzen,20,2023-02-25,24,712
CUST0571,Industrie,13,2025-08-10,36,856
CUST0572,Finanzen,10,2024-07-30,36,1034
CUST0573,Handel,18,2023-12-26,36,213
CUST0574,Industrie,125,2025-12-21,36,2106
CUST0575,Handel,119,2023-02-01,24,1491
CUST0576,Industrie,113,2024-10-23,36,2170
CUST0577,IT,7,2025-06-11,36,648
CUST0578,Handel,15,2025-11-14,24,393
CUST0579,IT,110,2023-01-28,36,2798
CUST0580,Gesundheit,16,2025-06-05,24,278
CUST0581,Gesundheit,10,2025-02-27,24,386
CUST0582,Handel,114,2023-11-29,36,2411
CUST0583,Handel,16,2024-06-04,36,517
CUST0584,Industrie,110,2023-11-12,24,2492
CUST0585,Handel,110,2023-08-17,24,2476
CUST0586,IT,13,2023-03-14,24,710
CUST0587,Finanzen,12,2023-07-06,24,365
CUST0588,IT,464,2025-04-04,24,4483
CUST0589,Gesundheit,7,2023-08-02,36,328
CUST0590,Medien,107,2023-11-26,36,828
CUST0591,IT,435,2023-06-17,36,7762
CUST0592,Industrie,12,2025-09-18,24,893
CUST0593,IT,114,2025-05-23,24,1604
CUST0594,IT,98,2023-07-12,36,1385
CUST0595,IT,7,2024-06-10,36,351
CUST0596,Finanzen,12,2023-02-18,24,622
CUST0597,Handel,444,2024-06-25,36,4827
CUST0598,Handel,11,2023-01-23,36,647
CUST0599,IT,19,2025-10-03,24,567
CUST0600,Handel,15,2023-06-12,36,531
CUST0601,Gesundheit,12,2023-08-10,36,485
CUST0602,IT,13,2023-10-13,24,351
CUST0603,Handel,19,2024-04-05,36,447
CUST0604,Finanzen,118,2025-05-14,24,1104
CUST0605,Handel,123,2024-02-22,36,2459
CUST0606,Finanzen,16,2025-09-28,36,825
CUST0607,Handel,14,2025-05-11,36,165
CUST0608,Handel,95,2023-11-13,24,1979
CUST0609,IT,8,2023-12-15,36,634
CUST0610,Finanzen,11,2025-02-24,24,652
CUST0611,IT,18,2024-10-17,36,191
CUST0612,Industrie,10,2023-09-13,24,863
CUST0613,IT,16,2024-09-01,24,153
CUST0614,Industrie,12,2023-11-06,36,824
CUST0615,IT,7,2024-02-20,36,471
CUST0616,Gesundheit,13,2025-01-11,36,856
CUST0617,Industrie,17,2024-02-12,36,428
CUST0618,IT,15,2023-05-11,36,407
CUST0619,Handel,12,2025-03-22,24,266
CUST0620,Medien,13,2023-10-21,36,141
CUST0621,IT,14,2025-01-28,36,749
CUST0622,Finanzen,7,2024-03-24,24,342
CUST0623,Handel,11,2025-05-27,36,362
CUST0624,Gesundheit,457,2023-06-20,36,4416
CUST0625,Gesundheit,19,2024-12-28,24,353
CUST0626,Öffentlicher Sektor,16,2025-08-31,24,803
CUST0627,Handel,473,2025-05-07,24,6540
CUST0628,Handel,16,2023-10-27,24,398
CUST0629,Handel,11,2025-05-30,36,690
CUST0630,Handel,121,2025-12-03,36,1693
CUST0631,Finanzen,10,2025-03-07,36,327
CUST0632,Finanzen,8,2023-06-26,36,441
CUST0633,Handel,19,2023-10-21,36,273
CUST0634,IT,12,2024-06-23,36,470
CUST0635,Öffentlicher Sektor,13,2023-05-01,24,495
CUST0636,IT,9,2025-04-28,36,387
CUST0637,Handel,434,2023-03-14,24,3713
CUST0638,Handel,107,2024-01-28,24,2185
CUST0639,Finanzen,10,2024-02-18,36,897
CUST0640,Finanzen,16,2023-05-26,36,802
CUST0641,IT,17,2025-01-25,24,751
CUST0642,IT,441,2024-07-29,36,6038
CUST0643,Handel,8,2024-04-29,24,644
CUST0644,Gesundheit,5,2024-11-12,36,250
CUST0645,Industrie,19,2024-04-16,24,267
CUST0646,Gesundheit,10,2023-07-02,24,583
CUST0647,Gesundheit,105,2024-06-06,36,1658
CUST0648,Finanzen,114,2025-06-12,24,2051
CUST0649,IT,12,2025-10-04,24,809
CUST0650,Finanzen,10,2023-07-31,36,236
CUST0651,IT,15,2024-08-11,36,506
CUST0652,Finanzen,443,2025-04-24,36,7828
CUST0653,IT,462,2024-08-19,36,5077
CUST0654,Gesundheit,10,2023-10-14,24,284
CUST0655,IT,18,2025-04-20,36,228
CUST0656,IT,121,2024-10-01,24,2946
CUST0657,IT,16,2025-07-07,36,501
CUST0658,IT,428,2024-06-14,24,6511
CUST0659,IT,113,2025-07-20,24,1854
CUST0660,Finanzen,106,2023-09-13,36,1943
CUST0661,Finanzen,435,2023-05-31,24,4391
CUST0662,Öffentlicher Sektor,23,2025-05-04,24,968
CUST0663,Gesundheit,108,2025-11-23,36,853
CUST0664,Industrie,10,2025-11-19,36,308
CUST0665,Finanzen,12,2024-07-08,24,788
CUST0666,Finanzen,9,2024-02-22,24,1058
CUST0667,Finanzen,107,2023-05-04,24,4101
CUST0668,Handel,13,2023-01-31,36,331
CUST0669,Industrie,14,2023-04-12,24,239
CUST0670,IT,13,2025-02-18,24,407
CUST0671,IT,15,2025-08-23,36,561
CUST0672,IT,113,2025-10-16,36,3111
CUST0673,Handel,14,2025-11-03,24,332
CUST0674,Finanzen,16,2024-02-24,36,250
CUST0675,Medien,15,2025-11-04,36,438
CUST0676,Handel,122,2023-07-31,36,1419
CUST0677,Finanzen,14,2025-11-07,36,247
CUST0678,IT,14,2023-10-07,24,378
CUST0679,IT,11,2023-04-09,36,480
CUST0680,Handel,112,2023-11-19,36,2125
CUST0681,IT,7,2025-06-02,24,796
CUST0682,Gesundheit,15,2025-08-30,36,791
CUST0683,IT,108,2025-07-06,24,1221
CUST0684,Handel,102,2025-09-03,24,1573
CUST0685,Handel,8,2024-01-03,36,715
CUST0686,Medien,11,2025-11-07,36,283
CUST0687,Öffentlicher Sektor,11,2025-12-23,36,343
CUST0688,Finanzen,99,2024-09-22,24,3103
CUST0689,Gesundheit,436,2023-11-17,24,4496
CUST0690,Handel,112,2023-07-13,36,801
CUST0691,Industrie,109,2025-07-21,24,2519
CUST0692,Öffentlicher Sektor,13,2024-02-20,36,961
CUST0693,IT,445,2024-12-05,24,3628
CUST0694,Gesundheit,13,2024-05-31,24,221
CUST0695,Handel,14,2025-09-09,36,303
CUST0696,Gesundheit,8,2023-09-23,36,795
CUST0697,Finanzen,113,2025-06-06,24,2967
CUST0698,Finanzen,19,2023-11-24,36,203
CUST0699,Handel,118,2024-12-03,36,2602
CUST0700,Industrie,440,2025-12-05,24,6533
CUST0701,IT,15,2023-06-10,24,210
CUST0702,IT,10,2023-11-03,36,364
CUST0703,Industrie,14,2024-01-12,24,518
CUST0704,Handel,6,2025-09-04,36,505
CUST0705,Industrie,408,2024-06-04,36,5617
CUST0706,IT,9,2023-06-04,36,399
CUST0707,Medien,21,2023-08-02,24,225
CUST0708,Finanzen,13,2025-11-17,36,1007
CUST0709,Handel,11,2023-02-22,24,307
CUST0710,Handel,10,2025-11-18,24,682
CUST0711,Öffentlicher Sektor,122,2025-03-12,36,1864
CUST0712,Gesundheit,438,2024-08-25,24,3750
CUST0713,Finanzen,17,2025-08-24,36,516
CUST0714,Handel,125,2025-03-22,36,1652
CUST0715,Finanzen,13,2024-05-18,36,616
CUST0716,Handel,102,2023-11-29,36,1001
CUST0717,Finanzen,12,2025-10-28,36,306
CUST0718,Industrie,12,2024-04-18,36,343
CUST0719,Medien,98,2025-02-19,36,2779
CUST0720,Gesundheit,16,2023-02-02,24,520
CUST0721,Handel,13,2025-01-28,36,141
CUST0722,IT,110,2024-05-30,24,2647
CUST0723,Medien,13,2024-01-03,36,520
CUST0724,Industrie,18,2023-02-02,24,977
CUST0725,Finanzen,14,2025-03-17,36,351
CUST0726,Handel,12,2023-09-17,24,682
CUST0727,Finanzen,20,2023-04-23,24,900
CUST0728,Finanzen,12,2024-06-04,36,702
CUST0729,IT,14,2024-04-27,36,679
CUST0730,Gesundheit,112,2025-02-17,36,2530
CUST0731,Medien,109,2025-05-07,24,1773
CUST0732,Öffentlicher Sektor,10,2023-05-18,24,1091
CUST0733,Handel,98,2025-11-19,36,2303
CUST0734,Finanzen,12,2023-10-25,24,855
CUST0735,IT,110,2023-11-06,36,1457
CUST0736,Finanzen,17,2024-10-31,24,812
CUST0737,Medien,11,2024-12-19,36,567
CUST0738,Finanzen,10,2025-09-15,36,482
CUST0739,Finanzen,100,2023-04-23,36,2901
CUST0740,Öffentlicher Sektor,110,2023-11-07,36,3970
CUST0741,Industrie,455,2025-10-23,24,7709
CUST0742,Industrie,17,2024-03-10,24,562
CUST0743,IT,11,2025-06-29,24,561
CUST0744,IT,13,2025-03-12,36,402
CUST0745,IT,440,2025-08-28,36,4192
CUST0746,Finanzen,15,2024-03-07,36,327
CUST0747,Industrie,17,2025-02-12,36,905
CUST0748,Industrie,15,2023-12-03,24,297
CUST0749,Finanzen,15,2023-11-08,24,239
CUST0750,Finanzen,121,2025-07-25,36,1498
CUST0751,IT,7,2023-01-25,36,837
CUST0752,IT,433,2023-05-28,36,6997
CUST0753,IT,14,2023-09-26,36,667
CUST0754,IT,13,2025-04-18,24,898
CUST0755,Handel,433,2024-05-29,36,4124
CUST0756,Finanzen,445,2024-01-18,36,8732
CUST0757,Handel,102,2025-04-05,24,1791
CUST0758,Gesundheit,12,2025-05-22,36,499
CUST0759,Handel,9,2023-08-18,24,202
CUST0760,Medien,11,2023-03-12,24,514
CUST0761,Handel,106,2025-11-11,24,1147
CUST0762,IT,11,2024-12-06,24,277
CUST0763,Medien,15,2025-07-21,36,449
CUST0764,Industrie,8,2025-07-24,36,471
CUST0765,IT,442,2023-06-14,24,4757
CUST0766,Industrie,104,2025-08-22,36,2705
CUST0767,IT,10,2024-07-28,36,658
CUST0768,Handel,129,2023-05-21,36,2540
CUST0769,Finanzen,118,2025-01-24,36,1397
CUST0770,Finanzen,462,2023-04-21,36,8670
CUST0771,Handel,117,2024-07-28,36,2881
CUST0772,Finanzen,7,2023-03-19,36,959
CUST0773,Handel,14,2025-04-13,36,350
CUST0774,Öffentlicher Sektor,100,2023-03-21,36,3422
CUST0775,Öffentlicher Sektor,11,2025-06-08,36,1026
CUST0776,Handel,11,2023-02-03,24,367
CUST0777,Medien,98,2024-12-21,24,2319
CUST0778,Finanzen,101,2023-04-02,24,1951
CUST0779,Finanzen,448,2025-09-24,24,5000
CUST0780,IT,12,2024-06-27,36,471
CUST0781,IT,9,2023-08-28,36,805
CUST0782,Öffentlicher Sektor,18,2023-06-27,36,259
CUST0783,Medien,102,2023-05-23,36,2425
CUST0784,Handel,115,2025-12-17,24,1196
CUST0785,IT,97,2023-11-25,36,2859
CUST0786,Gesundheit,129,2023-03-18,24,3139
CUST0787,IT,6,2025-09-30,24,467
CUST0788,Medien,112,2025-08-02,36,2133
CUST0789,Finanzen,105,2024-10-16,36,1097
CUST0790,IT,120,2025-03-21,24,2452
CUST0791,IT,12,2023-02-15,24,876
CUST0792,Finanzen,10,2023-07-01,24,667
CUST0793,Handel,13,2024-08-22,24,322
CUST0794,Handel,14,2023-11-21,24,152
CUST0795,Handel,9,2025-02-01,24,695
CUST0796,IT,102,2024-06-09,36,2371
CUST0797,Finanzen,102,2024-06-28,36,2790
CUST0798,IT,13,2025-03-22,36,619
CUST0799,Handel,10,2024-11-14,36,271
CUST0800,Öffentlicher Sektor,12,2023-06-28,36,291
CUST0801,Medien,101,2023-09-01,24,811
CUST0802,Finanzen,15,2024-11-08,36,699
CUST0803,IT,15,2025-07-27,24,177
CUST0804,Öffentlicher Sektor,6,2025-11-28,36,325
CUST0805,Gesundheit,454,2023-10-06,36,3248
CUST0806,Industrie,15,2025-02-22,36,597
CUST0807,Gesundheit,10,2025-12-08,36,168
CUST0808,Finanzen,10,2024-10-06,24,957
CUST0809,IT,114,2025-06-18,36,2078
CUST0810,Öffentlicher Sektor,15,2023-05-06,36,869
CUST0811,Handel,14,2025-02-18,36,472
CUST0812,IT,14,2024-05-08,36,750
CUST0813,IT,110,2023-09-27,36,1506
CUST0814,Finanzen,16,2025-11-04,36,471
CUST0815,Handel,9,2024-07-09,36,512
CUST0816,Industrie,459,2023-10-03,24,4597
CUST0817,Finanzen,106,2025-05-18,24,1277
CUST0818,Industrie,114,2025-02-09,24,1440
CUST0819,Handel,9,2023-05-27,24,701
CUST0820,Handel,109,2025-07-15,36,776
CUST0821,IT,455,2025-12-12,24,7005
CUST0822,Industrie,13,2025-05-11,24,775
CUST0823,Handel,110,2023-08-05,36,1877
CUST0824,Finanzen,102,2023-08-05,24,1601
CUST0825,IT,123,2023-03-23,24,1313
CUST0826,Handel,482,2023-10-08,36,4380
CUST0827,Gesundheit,11,2024-06-23,36,801
CUST0828,Finanzen,12,2025-06-26,36,624
CUST0829,Finanzen,11,2023-10-10,36,419
CUST0830,Industrie,111,2023-03-03,24,2760
CUST0831,Gesundheit,20,2024-12-18,36,411
CUST0832,Industrie,10,2025-02-25,36,777
CUST0833,Finanzen,13,2024-04-13,36,261
CUST0834,Handel,9,2025-10-13,36,379
CUST0835,Handel,105,2024-04-14,24,803
CUST0836,Finanzen,13,2024-03-15,36,736
CUST0837,Industrie,10,2023-07-27,36,925
CUST0838,Finanzen,14,2024-11-17,36,904
CUST0839,Finanzen,13,2024-10-08,36,544
CUST0840,Industrie,19,2023-04-09,24,448
CUST0841,Finanzen,112,2025-04-26,36,2220
CUST0842,IT,17,2024-08-16,24,823
CUST0843,Gesundheit,109,2025-08-26,36,1524
CUST0844,Handel,108,2025-10-27,36,797
CUST0845,Finanzen,14,2025-01-22,36,534
CUST0846,Gesundheit,125,2023-09-12,36,1852
CUST0847,IT,105,2024-11-25,24,1386
CUST0848,Industrie,101,2023-04-03,36,1106
CUST0849,Finanzen,10,2023-05-03,24,417
CUST0850,Industrie,12,2023-05-31,36,695
CUST0851,Finanzen,112,2025-06-15,36,2084
CUST0852,Handel,10,2024-08-12,36,445
CUST0853,IT,14,2023-02-12,36,167
CUST0854,Handel,9,2023-11-21,36,215
CUST0855,Finanzen,104,2025-02-05,24,2272
CUST0856,Gesundheit,107,2025-08-29,24,2417
CUST0857,Finanzen,127,2025-03-16,36,2748
CUST0858,Finanzen,24,2024-03-05,36,857
CUST0859,Finanzen,110,2023-09-07,36,2949
CUST0860,Medien,17,2024-06-21,36,626
CUST0861,Gesundheit,439,2023-06-11,36,5495
CUST0862,IT,15,2025-06-25,36,325
CUST0863,Finanzen,16,2025-06-05,24,391
CUST0864,Handel,478,2024-12-15,24,4914
CUST0865,Finanzen,8,2024-02-20,36,824
CUST0866,IT,459,2025-12-25,36,4863
CUST0867,Finanzen,14,2024-12-07,36,816
CUST0868,Handel,18,2023-12-09,24,480
CUST0869,Finanzen,11,2023-03-08,36,845
CUST0870,Industrie,9,2023-11-03,36,338
CUST0871,Gesundheit,11,2025-01-05,36,569
CUST0872,Industrie,455,2024-01-28,36,7820
CUST0873,Handel,10,2023-02-17,24,217
CUST0874,Handel,9,2025-11-30,24,186
CUST0875,Finanzen,115,2024-12-14,24,1127
CUST0876,Gesundheit,13,2024-08-14,36,357
CUST0877,Handel,127,2025-12-09,36,1920
CUST0878,Finanzen,17,2024-12-09,24,934
CUST0879,IT,18,2024-12-13,24,439
CUST0880,Finanzen,15,2025-01-16,36,872
CUST0881,IT,9,2024-08-24,24,294
CUST0882,IT,9,2023-02-12,36,349
CUST0883,Handel,12,2025-11-18,36,621
CUST0884,Handel,14,2025-10-15,36,418
CUST0885,IT,10,2025-09-14,36,427
CUST0886,Handel,13,2024-09-05,36,339
CUST0887,Gesundheit,13,2025-05-20,24,713
CUST0888,Industrie,17,2024-04-16,24,297
CUST0889,Finanzen,110,2025-10-04,36,3442
CUST0890,Handel,9,2024-03-10,36,193
CUST0891,Handel,113,2024-05-30,36,870
CUST0892,IT,109,2023-07-05,24,2722
CUST0893,Handel,455,2023-10-16,36,3010
CUST0894,Gesundheit,17,2024-03-28,24,772
CUST0895,Handel,119,2023-03-19,24,923
CUST0896,Finanzen,10,2023-03-11,36,302
CUST0897,Handel,110,2024-09-19,24,1295
CUST0898,Industrie,12,2024-09-24,36,882
CUST0899,Finanzen,110,2025-12-22,24,1045
CUST0900,Handel,14,2023-11-27,36,553
CUST0901,Finanzen,15,2023-04-10,24,356
CUST0902,Finanzen,115,2025-04-17,36,1290
CUST0903,IT,106,2025-01-13,36,2512
CUST0904,Industrie,14,2024-08-07,36,299
CUST0905,Industrie,113,2024-02-11,36,1394
CUST0906,Finanzen,97,2024-12-16,24,1197
CUST0907,Medien,10,2025-08-06,24,548
CUST0908,Handel,9,2024-09-30,24,362
CUST0909,Industrie,111,2025-12-06,36,3478
CUST0910,IT,118,2024-01-08,36,3081
CUST0911,Medien,109,2023-10-08,24,1101
CUST0912,Gesundheit,105,2024-12-09,36,2454
CUST0913,Handel,14,2024-11-07,36,159
CUST0914,Finanzen,12,2024-12-12,36,212
CUST0915,Finanzen,427,2023-04-17,36,4567
CUST0916,IT,11,2025-03-17,36,462
CUST0917,Industrie,14,2024-06-21,36,541
CUST0918,Gesundheit,454,2024-03-01,24,6338
CUST0919,Industrie,7,2024-10-26,36,658
CUST0920,Finanzen,15,2023-05-29,24,1065
CUST0921,IT,8,2023-08-20,24,560
CUST0922,Gesundheit,14,2025-12-18,36,722
CUST0923,Gesundheit,8,2024-10-02,36,496
CUST0924,Finanzen,11,2024-07-23,36,809
CUST0925,Finanzen,112,2025-11-03,36,3919
CUST0926,Industrie,18,2024-11-16,36,540
CUST0927,IT,112,2024-06-17,36,1914
CUST0928,Handel,103,2024-07-10,36,1946
CUST0929,Gesundheit,16,2025-03-30,36,263
CUST0930,IT,9,2023-11-04,36,649
CUST0931,IT,9,2025-02-13,36,205
CUST0932,Öffentlicher Sektor,14,2025-01-26,36,1123
CUST0933,Medien,14,2024-05-12,36,297
CUST0934,IT,14,2023-05-02,36,640
CUST0935,Gesundheit,12,2023-04-09,36,374
CUST0936,IT,107,2025-02-04,24,2385
CUST0937,Handel,11,2024-06-13,24,659
CUST0938,Medien,10,2023-09-27,36,674
CUST0939,IT,18,2023-05-28,36,681
CUST0940,Finanzen,122,2024-10-20,24,3254
CUST0941,Finanzen,96,2024-02-08,36,1535
CUST0942,Gesundheit,456,2025-11-09,24,5894
CUST0943,Finanzen,14,2025-07-15,24,728
CUST0944,Handel,101,2023-02-02,24,1629
CUST0945,Gesundheit,104,2024-02-03,36,1659
CUST0946,IT,17,2023-11-04,36,674
CUST0947,Industrie,10,2024-03-12,24,592
CUST0948,IT,105,2023-03-31,36,1386
CUST0949,Handel,444,2025-10-03,36,5308
CUST0950,IT,120,2024-04-21,36,2832
CUST0951,Industrie,102,2025-12-27,36,1634
CUST0952,Medien,460,2025-10-31,36,3366
CUST0953,Industrie,17,2023-11-14,36,677
CUST0954,Industrie,119,2024-09-11,36,2558
CUST0955,Finanzen,112,2025-10-16,36,3436
CUST0956,Finanzen,15,2023-12-18,24,666
CUST0957,IT,12,2025-08-22,36,647
CUST0958,Finanzen,124,2023-11-23,36,2607
CUST0959,Gesundheit,13,2025-04-06,24,352
CUST0960,Finanzen,13,2023-08-19,36,1030
CUST0961,Handel,8,2024-09-04,36,601
CUST0962,Medien,20,2024-05-18,24,603
CUST0963,Öffentlicher Sektor,113,2024-06-21,36,2597
CUST0964,Handel,10,2025-08-01,36,270
CUST0965,Finanzen,12,2023-06-16,24,900
CUST0966,Finanzen,113,2023-09-04,36,3065
CUST0967,IT,10,2024-06-29,24,601
CUST0968,Medien,8,2025-06-19,24,290
CUST0969,Handel,15,2025-04-10,36,586
CUST0970,Handel,20,2024-05-17,36,232
CUST0971,Handel,99,2023-04-12,36,1014
CUST0972,Finanzen,460,2023-12-31,36,6303
CUST0973,IT,443,2025-07-12,36,6398
CUST0974,Finanzen,442,2025-04-15,36,6183
CUST0975,Medien,440,2024-12-14,36,5045
CUST0976,Handel,14,2023-04-14,36,622
CUST0977,Finanzen,117,2025-01-19,24,2114
CUST0978,Gesundheit,9,2025-09-30,36,741
CUST0979,IT,124,2023-06-10,36,2306
CUST0980,IT,452,2025-05-04,36,4939
CUST0981,Gesundheit,440,2025-03-31,36,6173
CUST0982,Gesundheit,17,2024-06-16,36,551
CUST0983,Gesundheit,106,2025-06-02,36,2557
CUST0984,Industrie,12,2025-12-19,24,700
CUST0985,Gesundheit,13,2023-08-08,36,193
CUST0986,IT,14,2024-03-15,36,850
CUST0987,Finanzen,19,2023-01-31,36,663
CUST0988,Handel,17,2025-04-22,24,720
CUST0989,Handel,12,2023-03-16,24,487
CUST0990,Öffentlicher Sektor,15,2025-08-03,36,268
CUST0991,Öffentlicher Sektor,127,2025-09-29,24,2753
CUST0992,Finanzen,16,2025-03-22,36,267
CUST0993,Handel,102,2024-09-21,24,2090
CUST0994,Gesundheit,10,2025-01-21,36,823
CUST0995,Industrie,106,2025-01-21,36,2484
CUST0996,Finanzen,14,2023-04-13,24,666
CUST0997,Handel,14,2023-10-11,36,293
CUST0998,IT,11,2023-08-20,36,579
CUST0999,Handel,14,2024-02-02,24,464
CUST1000,Finanzen,460,2023-01-23,36,7077
CUST1001,Industrie,10,2025-03-24,24,900
CUST1002,Industrie,121,2025-10-14,24,3580
CUST1003,Industrie,405,2025-11-26,36,7325
CUST1004,Gesundheit,16,2025-02-06,36,633
CUST1005,Öffentlicher Sektor,14,2024-11-19,36,885
CUST1006,Industrie,10,2023-07-13,24,419
CUST1007,Industrie,106,2023-11-26,36,3011
CUST1008,Industrie,113,2023-12-13,24,3111
CUST1009,IT,9,2025-10-13,36,850
CUST1010,Handel,10,2024-02-04,36,516
CUST1011,Handel,111,2023-01-16,24,1117
CUST1012,Gesundheit,20,2024-12-17,36,583
CUST1013,IT,114,2023-07-05,36,2112
CUST1014,Finanzen,13,2024-09-13,24,240
CUST1015,Öffentlicher Sektor,114,2025-09-28,36,2000
CUST1016,Gesundheit,19,2025-04-12,36,721
CUST1017,Öffentlicher Sektor,18,2023-10-20,36,743
CUST1018,Gesundheit,107,2025-06-17,36,2793
CUST1019,Handel,18,2025-12-03,24,384
CUST1020,Handel,18,2025-05-13,36,619
CUST1021,Medien,20,2023-08-16,36,681
CUST1022,Finanzen,8,2024-11-30,24,766
CUST1023,Finanzen,104,2024-05-21,36,2152
CUST1024,Handel,447,2023-05-10,36,4339
CUST1025,Gesundheit,434,2024-01-16,36,4476
CUST1026,IT,118,2024-12-05,24,1416
CUST1027,Finanzen,456,2024-03-02,36,7360
CUST1028,Handel,109,2023-08-06,24,1471
CUST1029,Gesundheit,17,2025-08-14,24,305
CUST1030,Finanzen,119,2023-11-04,24,2696
CUST1031,Industrie,104,2025-05-12,36,3397
CUST1032,Öffentlicher Sektor,18,2025-06-02,24,1054
CUST1033,Handel,9,2024-06-19,36,502
CUST1034,Handel,108,2024-08-02,36,1843
CUST1035,Finanzen,11,2024-02-01,24,770
CUST1036,Industrie,14,2025-07-06,36,487
CUST1037,Gesundheit,104,2025-01-05,24,3306
CUST1038,IT,12,2025-06-25,36,450
CUST1039,Handel,422,2023-11-04,36,5737
CUST1040,Industrie,11,2025-08-04,24,901
CUST1041,Gesundheit,104,2023-01-25,24,2426
CUST1042,Industrie,117,2025-10-13,36,3242
CUST1043,Handel,450,2023-10-26,36,5457
CUST1044,Handel,11,2023-07-13,24,311
CUST1045,IT,5,2024-10-11,36,186
CUST1046,Medien,10,2024-01-17,24,550
CUST1047,Gesundheit,8,2025-10-01,36,426
CUST1048,Medien,16,2024-06-28,24,253
CUST1049,IT,436,2025-07-09,36,6455
CUST1050,Handel,9,2024-05-02,36,527
CUST1051,Handel,15,2023-03-02,36,171
CUST1052,IT,11,2025-10-02,36,357
CUST1053,IT,12,2024-11-02,36,673
CUST1054,Handel,15,2025-07-06,24,300
CUST1055,Gesundheit,430,2025-01-22,36,5957
CUST1056,Handel,16,2025-02-14,36,651
CUST1057,IT,10,2025-06-13,36,329
CUST1058,IT,12,2025-02-14,24,518
CUST1059,Finanzen,13,2024-06-28,36,785
CUST1060,IT,114,2024-06-27,36,1814
CUST1061,IT,17,2023-04-23,24,254
CUST1062,Handel,12,2023-03-22,36,531
CUST1063,IT,105,2023-02-01,36,2779
CUST1064,IT,16,2023-05-12,24,226
CUST1065,Medien,16,2024-07-08,24,211
CUST1066,IT,12,2024-06-28,36,690
CUST1067,IT,14,2025-03-05,24,381
CUST1068,Handel,10,2023-03-22,24,608
CUST1069,Industrie,8,2023-11-06,36,650
CUST1070,Medien,111,2024-12-28,36,1893
CUST1071,Medien,10,2025-04-06,24,463
CUST1072,Finanzen,14,2025-03-10,24,346
CUST1073,IT,444,2025-10-10,24,6664
CUST1074,Handel,108,2025-10-27,36,834
CUST1075,Finanzen,113,2024-01-03,36,1431
CUST1076,Handel,111,2024-02-11,36,857
CUST1077,Öffentlicher Sektor,13,2025-06-06,36,953
CUST1078,Gesundheit,14,2025-04-28,24,751
CUST1079,Finanzen,12,2024-06-22,24,1015
CUST1080,Gesundheit,121,2023-10-23,24,2237
CUST1081,Gesundheit,11,2025-12-03,24,243
CUST1082,Industrie,14,2023-09-06,36,708
CUST1083,Gesundheit,457,2025-12-07,36,6158
CUST1084,Handel,452,2024-02-08,24,4970
CUST1085,Finanzen,12,2023-09-20,36,349
CUST1086,Handel,12,2024-07-03,36,402
CUST1087,Handel,12,2024-02-03,36,629
CUST1088,Gesundheit,113,2024-12-06,36,3327
CUST1089,Industrie,101,2024-05-13,36,1542
CUST1090,Handel,12,2024-09-13,36,636
CUST1091,Finanzen,8,2024-07-02,24,304
CUST1092,Gesundheit,107,2024-10-19,36,1717
CUST1093,Medien,96,2025-06-19,24,2096
CUST1094,Handel,12,2024-01-02,36,467
CUST1095,Gesundheit,106,2024-01-21,36,2723
CUST1096,Gesundheit,15,2024-05-13,36,776
CUST1097,Medien,13,2025-11-16,24,585
CUST1098,Handel,16,2024-04-12,36,674
CUST1099,Handel,9,2023-04-02,24,674
CUST1100,IT,119,2024-06-02,36,2453
CUST1101,Öffentlicher Sektor,12,2024-11-29,36,850
CUST1102,Industrie,110,2023-09-28,36,1566
CUST1103,Finanzen,89,2023-01-22,36,1439
CUST1104,Handel,101,2025-05-25,24,2674
CUST1105,Finanzen,101,2024-11-30,24,1685
CUST1106,Handel,458,2023-05-12,36,4754
CUST1107,Handel,7,2025-08-03,24,586
CUST1108,Handel,5,2025-07-18,24,355
CUST1109,Industrie,117,2023-02-21,36,2293
CUST1110,Handel,11,2023-01-19,36,155
CUST1111,Handel,113,2024-03-20,36,1449
CUST1112,Finanzen,8,2023-09-06,24,469
CUST1113,Finanzen,9,2024-04-14,36,751
CUST1114,IT,13,2024-03-25,36,231
CUST1115,Industrie,12,2024-01-03,36,818
CUST1116,Finanzen,117,2024-03-13,24,3681
CUST1117,IT,118,2025-09-02,24,1018
CUST1118,IT,10,2023-02-06,24,849
CUST1119,Handel,112,2024-12-05,24,2230
CUST1120,Medien,19,2024-06-06,36,527
CUST1121,Gesundheit,10,2024-04-06,36,584
CUST1122,Medien,10,2024-09-20,24,665
CUST1123,Gesundheit,12,2023-09-06,36,201
CUST1124,Handel,13,2025-01-10,36,359
CUST1125,Finanzen,7,2023-08-22,36,530
CUST1126,IT,114,2025-04-04,24,1683
CUST1127,Handel,14,2023-04-19,24,517
CUST1128,Medien,16,2024-02-20,36,677
CUST1129,Handel,105,2024-10-23,36,1078
CUST1130,Finanzen,14,2024-04-09,24,705
CUST1131,Gesundheit,100,2024-01-23,36,2887
CUST1132,Finanzen,421,2024-08-17,36,8928
CUST1133,IT,12,2023-03-16,36,469
CUST1134,IT,22,2023-08-30,24,472
CUST1135,IT,14,2025-08-08,24,316
CUST1136,IT,16,2024-02-26,36,209
CUST1137,Industrie,15,2024-10-09,36,293
CUST1138,Medien,11,2025-03-15,24,331
CUST1139,IT,8,2023-08-19,24,729
CUST1140,Öffentlicher Sektor,8,2025-10-29,36,371
CUST1141,Handel,20,2025-01-06,36,400
CUST1142,Industrie,110,2024-08-18,36,3543
CUST1143,Finanzen,10,2025-10-05,36,898
CUST1144,Finanzen,11,2024-10-30,36,251
CUST1145,Industrie,103,2023-05-27,36,3332
CUST1146,Finanzen,11,2024-06-26,36,557
CUST1147,Industrie,111,2024-08-10,36,2639
CUST1148,IT,12,2023-04-08,36,307
CUST1149,Finanzen,16,2025-03-10,24,462
CUST1150,Handel,116,2023-05-24,36,1455
CUST1151,Industrie,14,2023-01-19,36,660
CUST1152,Industrie,87,2023-12-26,24,1142
CUST1153,IT,110,2025-02-19,36,2927
CUST1154,Medien,15,2024-11-30,36,648
CUST1155,IT,7,2025-02-04,24,252
CUST1156,Medien,115,2023-02-23,24,2225
CUST1157,Handel,440,2025-03-16,36,5348
CUST1158,Finanzen,15,2023-12-13,24,212
CUST1159,IT,17,2023-03-22,36,537
CUST1160,Finanzen,16,2025-09-13,24,601
CUST1161,Finanzen,14,2025-09-10,36,538
CUST1162,Industrie,13,2023-10-29,24,291
CUST1163,Gesundheit,440,2024-01-31,36,6729
CUST1164,Industrie,11,2025-02-25,36,972
CUST1165,Industrie,442,2024-07-15,24,7505
CUST1166,Industrie,449,2023-05-22,36,5191
CUST1167,Handel,14,2024-05-02,24,430
CUST1168,Öffentlicher Sektor,107,2024-10-05,36,3490
CUST1169,IT,13,2025-09-03,36,399
CUST1170,Finanzen,480,2024-04-05,24,5479
CUST1171,Finanzen,96,2024-06-09,36,3475
CUST1172,Finanzen,11,2024-12-01,36,251
CUST1173,Gesundheit,432,2024-12-05,36,5938
CUST1174,Finanzen,21,2025-07-28,36,239
CUST1175,Gesundheit,10,2023-09-13,36,421
CUST1176,Industrie,7,2024-06-29,36,414
CUST1177,Industrie,106,2024-11-05,36,3208
CUST1178,Finanzen,14,2025-06-16,24,780
CUST1179,Finanzen,110,2025-10-26,24,3483
CUST1180,Finanzen,113,2024-08-12,36,3192
CUST1181,Finanzen,10,2024-01-06,36,501
CUST1182,IT,7,2025-02-16,36,640
CUST1183,Industrie,123,2023-12-10,36,3252
CUST1184,Gesundheit,19,2023-04-28,24,199
CUST1185,Handel,122,2024-01-07,36,645
CUST1186,Medien,11,2024-06-13,36,652
CUST1187,Gesundheit,130,2023-08-30,36,951
CUST1188,Finanzen,110,2024-04-17,36,2412
CUST1189,Handel,10,2024-02-06,36,364
CUST1190,Industrie,16,2025-02-27,36,719
CUST1191,Finanzen,116,2025-06-01,36,1720
CUST1192,Medien,14,2025-04-18,36,455
CUST1193,Industrie,114,2024-09-06,24,2261
CUST1194,IT,110,2025-11-23,36,867
CUST1195,Industrie,22,2023-05-02,36,372
CUST1196,Finanzen,9,2024-11-18,36,541
CUST1197,Medien,122,2024-03-14,36,1118
CUST1198,Medien,13,2024-09-10,36,328
CUST1199,IT,437,2023-07-04,36,4184
CUST1200,IT,11,2023-03-15,36,544
CUST1201,Gesundheit,105,2024-03-08,36,2563
CUST1202,Handel,18,2023-11-17,36,583
CUST1203,Gesundheit,16,2025-10-13,24,509
CUST1204,Finanzen,13,2024-04-10,24,1065
CUST1205,Handel,15,2023-08-07,36,455
CUST1206,Medien,14,2025-07-11,24,639
CUST1207,IT,9,2024-02-01,24,544
CUST1208,Medien,15,2024-06-29,24,250
CUST1209,IT,467,2024-06-08,36,4824
CUST1210,Industrie,15,2025-06-27,36,554
CUST1211,Öffentlicher Sektor,11,2025-11-17,24,942
CUST1212,Gesundheit,10,2024-04-15,24,197
CUST1213,Gesundheit,16,2024-01-29,36,301
CUST1214,Finanzen,17,2024-12-19,24,646
CUST1215,Finanzen,116,2025-10-09,36,3618
CUST1216,Finanzen,11,2025-05-20,36,473
CUST1217,Handel,9,2025-07-08,24,406
CUST1218,IT,10,2025-09-24,24,453
CUST1219,Finanzen,110,2025-06-20,24,4206
CUST1220,Handel,123,2025-04-25,36,1996
CUST1221,Gesundheit,466,2025-12-01,36,3255
CUST1222,Handel,12,2023-08-23,36,159
CUST1223,Handel,16,2024-11-08,36,370
CUST1224,Industrie,12,2024-05-26,24,575
CUST1225,IT,13,2025-06-16,24,573
CUST1226,Gesundheit,16,2025-09-14,36,722
CUST1227,Gesundheit,12,2024-12-28,24,540
CUST1228,Medien,111,2023-04-22,24,977
CUST1229,Handel,14,2025-08-10,36,262
CUST1230,Medien,455,2024-07-27,24,5114
CUST1231,Industrie,13,2024-12-26,36,889
CUST1232,IT,113,2025-10-05,24,1196
CUST1233,IT,21,2024-06-21,24,372
CUST1234,IT,108,2023-08-30,24,2090
CUST1235,Industrie,9,2023-01-29,36,666
CUST1236,Handel,14,2023-09-23,36,294
CUST1237,IT,8,2025-03-09,24,528
CUST1238,IT,120,2025-06-11,36,1341
CUST1239,Gesundheit,14,2023-11-14,36,363
CUST1240,Gesundheit,16,2024-01-22,36,458
CUST1241,Industrie,13,2024-05-27,36,595
CUST1242,Gesundheit,13,2025-04-28,36,344
CUST1243,Industrie,20,2025-03-31,24,554
CUST1244,Gesundheit,16,2025-03-05,36,203
CUST1245,Handel,10,2024-07-21,36,318
CUST1246,IT,16,2025-07-04,36,838
CUST1247,Gesundheit,16,2023-05-03,36,507
CUST1248,Medien,441,2025-08-02,24,4785
CUST1249,IT,103,2025-06-12,24,1084
CUST1250,IT,111,2024-11-15,36,2895
CUST1251,IT,458,2024-09-16,36,4132
CUST1252,Industrie,109,2024-05-31,36,2916
CUST1253,IT,13,2023-10-31,24,467
CUST1254,Öffentlicher Sektor,15,2023-09-13,24,595
CUST1255,Gesundheit,13,2024-05-03,36,347
CUST1256,Handel,473,2023-10-01,24,6379
CUST1257,Gesundheit,468,2024-12-31,36,6908
CUST1258,Finanzen,11,2025-12-14,36,808
CUST1259,IT,109,2024-02-26,36,2778
CUST1260,Finanzen,19,2023-12-04,24,748
CUST1261,Industrie,95,2023-04-05,36,1775
CUST1262,Gesundheit,13,2023-08-31,36,644
CUST1263,Finanzen,467,2023-09-28,36,5240
CUST1264,Öffentlicher Sektor,15,2025-04-23,24,908
CUST1265,Öffentlicher Sektor,109,2025-11-17,36,2246
CUST1266,Industrie,426,2024-02-28,36,4545
CUST1267,Handel,109,2024-04-04,24,926
CUST1268,IT,106,2024-10-11,36,2546
CUST1269,Medien,108,2023-05-26,24,1866
CUST1270,Finanzen,15,2023-11-11,36,952
CUST1271,Medien,7,2025-07-14,24,726
CUST1272,Handel,12,2025-12-21,36,135
CUST1273,Gesundheit,107,2025-11-09,36,2459
CUST1274,IT,10,2024-07-06,36,511
CUST1275,Finanzen,98,2025-05-01,36,3386
CUST1276,Industrie,105,2025-06-17,36,2788
CUST1277,IT,16,2023-09-27,24,193
CUST1278,Handel,106,2025-02-19,24,1036
CUST1279,Handel,9,2024-12-19,24,651
CUST1280,Gesundheit,107,2024-01-05,36,1880
CUST1281,Industrie,11,2024-07-09,24,256
CUST1282,Industrie,10,2023-08-17,24,651
CUST1283,Handel,11,2024-10-19,24,576
CUST1284,Öffentlicher Sektor,108,2024-01-23,36,3363
CUST1285,Handel,114,2023-03-20,36,1539
CUST1286,Handel,114,2025-04-07,36,2745
CUST1287,Gesundheit,10,2025-07-23,36,603
CUST1288,IT,485,2024-05-30,24,4197
CUST1289,Handel,9,2025-04-10,36,514
CUST1290,Industrie,113,2023-09-27,24,1366
CUST1291,IT,16,2023-08-24,24,523
CUST1292,Handel,455,2024-04-16,36,5216
CUST1293,Gesundheit,104,2025-12-26,36,1573
CUST1294,Finanzen,444,2023-06-15,36,8024
CUST1295,Gesundheit,8,2025-12-29,24,767
CUST1296,Industrie,4,2024-12-20,24,352
CUST1297,IT,15,2023-12-10,36,518
CUST1298,Gesundheit,11,2023-02-15,36,386
CUST1299,IT,12,2024-08-17,24,212
CUST1300,Handel,12,2025-07-15,24,740
CUST1301,IT,15,2024-09-21,36,163
CUST1302,Finanzen,5,2023-05-04,36,381
CUST1303,Finanzen,7,2023-12-01,36,758
CUST1304,Gesundheit,15,2023-10-27,24,716
CUST1305,Industrie,19,2023-12-23,36,189
CUST1306,IT,90,2023-02-22,36,1001
CUST1307,Finanzen,109,2023-05-18,24,2234
CUST1308,IT,9,2023-01-25,36,321
CUST1309,Gesundheit,8,2023-05-06,24,741
CUST1310,Medien,10,2023-08-03,36,612
CUST1311,IT,14,2024-06-14,36,449
CUST1312,Medien,15,2025-12-17,36,153
CUST1313,Industrie,452,2025-01-20,36,5115
CUST1314,Handel,105,2025-01-01,36,2402
CUST1315,Handel,13,2025-07-08,36,370
CUST1316,IT,126,2024-01-14,36,2561
CUST1317,IT,6,2023-03-14,36,272
CUST1318,Industrie,111,2025-07-24,36,2371
CUST1319,IT,11,2025-03-09,36,190
CUST1320,Handel,8,2024-04-20,24,374
CUST1321,Medien,15,2023-10-05,24,577
CUST1322,IT,119,2024-08-07,24,2132
CUST1323,Finanzen,455,2024-04-02,24,3805
CUST1324,Medien,107,2023-10-02,36,1109
CUST1325,IT,114,2023-06-29,36,1365
CUST1326,Gesundheit,108,2024-12-19,36,1725
CUST1327,Handel,12,2024-12-22,36,358
CUST1328,Handel,15,2025-01-20,36,176
CUST1329,Industrie,12,2023-10-03,36,297
CUST1330,Gesundheit,12,2023-09-12,36,185
CUST1331,Finanzen,16,2025-02-03,36,756
CUST1332,IT,17,2025-01-05,36,490
CUST1333,Handel,14,2025-08-06,24,555
CUST1334,IT,107,2023-11-06,36,1649
CUST1335,Industrie,120,2025-01-13,24,2511
CUST1336,Gesundheit,12,2023-11-03,36,632
CUST1337,IT,13,2023-05-12,36,386
CUST1338,IT,14,2025-07-16,24,705
CUST1339,IT,18,2024-04-28,24,710
CUST1340,IT,104,2025-11-01,36,2979
CUST1341,Industrie,17,2023-09-25,36,491
CUST1342,Handel,21,2023-12-04,36,194
CUST1343,Gesundheit,11,2024-11-30,36,236
CUST1344,Gesundheit,474,2023-11-08,36,3817
CUST1345,Gesundheit,14,2023-03-17,24,387
CUST1346,Handel,111,2025-09-12,24,850
CUST1347,IT,14,2024-09-09,36,427
CUST1348,Finanzen,438,2024-12-13,24,9076
CUST1349,Handel,96,2023-09-28,36,1505
CUST1350,Finanzen,113,2023-05-30,36,3324
CUST1351,IT,11,2023-08-04,24,194
CUST1352,Gesundheit,12,2023-04-07,36,745
CUST1353,IT,15,2023-01-27,36,250
CUST1354,Finanzen,104,2025-04-22,24,1317
CUST1355,Finanzen,10,2024-07-24,36,265
CUST1356,Medien,15,2024-11-20,24,466
CUST1357,Medien,118,2025-09-28,36,1191
CUST1358,IT,458,2025-02-19,36,6106
CUST1359,Öffentlicher Sektor,12,2025-11-26,24,848
CUST1360,IT,17,2025-11-24,24,744
CUST1361,Industrie,10,2024-06-14,36,482
CUST1362,Öffentlicher Sektor,114,2024-07-23,36,1663
CUST1363,Finanzen,117,2023-12-03,36,1283
CUST1364,Gesundheit,8,2025-10-11,24,751
CUST1365,Handel,6,2024-05-26,24,426
CUST1366,Handel,15,2024-06-04,36,677
CUST1367,Gesundheit,114,2023-04-18,36,1421
CUST1368,Handel,11,2025-11-29,24,354
CUST1369,Industrie,10,2023-09-18,36,918
CUST1370,IT,10,2023-12-22,36,475
CUST1371,Finanzen,107,2023-11-10,36,2958
CUST1372,Gesundheit,12,2023-09-06,24,869
CUST1373,Medien,104,2023-12-03,36,2195
CUST1374,Öffentlicher Sektor,13,2023-11-14,36,703
CUST1375,Öffentlicher Sektor,10,2025-06-16,24,654
CUST1376,Medien,12,2025-07-02,36,587
CUST1377,Industrie,14,2024-04-10,36,490
CUST1378,IT,104,2024-11-27,36,3128
CUST1379,Finanzen,106,2024-04-23,24,1480
CUST1380,Gesundheit,14,2025-12-04,36,589
CUST1381,Gesundheit,11,2024-08-04,36,282
CUST1382,Handel,110,2025-01-16,36,2179
CUST1383,Finanzen,112,2023-02-09,36,3062
CUST1384,Medien,108,2023-07-27,36,1342
CUST1385,IT,116,2024-12-31,36,1439
CUST1386,Medien,18,2024-08-18,36,415
CUST1387,Gesundheit,9,2024-09-03,24,815
CUST1388,Finanzen,7,2025-01-20,36,1029
CUST1389,Handel,6,2024-12-03,24,332
CUST1390,Handel,475,2023-01-31,36,3655
CUST1391,Handel,14,2025-08-06,36,275
CUST1392,Industrie,15,2024-10-18,36,812
CUST1393,Handel,10,2024-02-13,24,417
CUST1394,IT,6,2025-02-08,24,271
CUST1395,Gesundheit,98,2025-05-22,36,1201
CUST1396,Medien,99,2023-09-10,24,2228
CUST1397,IT,14,2024-05-20,24,777
CUST1398,Industrie,434,2023-04-02,24,7730
CUST1399,IT,6,2025-09-23,36,441
CUST1400,IT,8,2024-04-19,36,445
CUST1401,Handel,109,2024-07-17,24,2420
CUST1402,Handel,115,2024-12-30,36,2247
CUST1403,Industrie,14,2024-01-11,36,839
CUST1404,Handel,7,2025-10-03,24,298
CUST1405,Handel,115,2023-01-23,36,851
CUST1406,Industrie,12,2025-08-19,36,865
CUST1407,Finanzen,11,2025-09-05,36,492
CUST1408,Öffentlicher Sektor,110,2025-10-01,24,1484
CUST1409,IT,12,2023-04-05,36,398
CUST1410,Handel,440,2024-09-26,24,2502
CUST1411,IT,9,2023-03-16,24,333
CUST1412,Gesundheit,435,2023-07-31,36,6046
CUST1413,Gesundheit,15,2025-12-17,24,780
CUST1414,Finanzen,22,2023-03-26,24,890
CUST1415,Finanzen,113,2023-09-03,24,1028
CUST1416,Handel,10,2023-11-06,36,258
CUST1417,Finanzen,122,2023-07-14,24,3274
CUST1418,Gesundheit,11,2023-09-02,24,290
CUST1419,Medien,103,2023-12-19,36,1682
CUST1420,Finanzen,114,2023-09-28,24,3403
CUST1421,Handel,8,2024-12-14,24,737
CUST1422,Handel,21,2023-04-20,36,506
CUST1423,Finanzen,462,2024-10-06,36,7202
CUST1424,IT,14,2025-10-30,24,161
CUST1425,Handel,17,2024-03-26,24,174
CUST1426,IT,9,2024-07-13,24,441
CUST1427,Finanzen,112,2025-01-26,36,1233
CUST1428,IT,9,2023-05-24,36,756
CUST1429,Industrie,14,2025-05-11,36,976
CUST1430,Medien,110,2023-09-02,36,1202
CUST1431,Handel,467,2023-09-13,36,4963
CUST1432,Industrie,116,2023-07-08,36,3026
CUST1433,Handel,113,2025-07-05,36,1798
CUST1434,Gesundheit,435,2023-03-13,36,6081
CUST1435,Finanzen,105,2024-10-05,36,1568
CUST1436,Finanzen,11,2025-11-29,36,719
CUST1437,Finanzen,119,2023-02-27,24,2809
CUST1438,Industrie,15,2023-07-29,36,612
CUST1439,Öffentlicher Sektor,431,2023-07-05,36,5297
CUST1440,Finanzen,106,2025-07-17,36,3004
CUST1441,Finanzen,18,2023-06-09,36,315
CUST1442,Industrie,10,2023-01-16,36,515
CUST1443,Finanzen,112,2025-02-10,24,2821
CUST1444,Finanzen,108,2025-08-08,36,2149
CUST1445,Industrie,117,2023-07-02,36,1786
CUST1446,Handel,18,2024-07-29,24,430
CUST1447,IT,14,2023-12-26,24,707
CUST1448,Handel,20,2024-08-06,36,660
CUST1449,Handel,14,2024-10-19,36,633
CUST1450,Öffentlicher Sektor,129,2025-05-04,36,2146
CUST1451,Handel,13,2025-07-29,36,565
CUST1452,Handel,17,2023-02-05,36,349
CUST1453,Finanzen,11,2025-08-07,36,783
CUST1454,Gesundheit,12,2023-01-21,36,687
CUST1455,IT,458,2023-11-20,36,4651
CUST1456,IT,106,2024-12-01,24,1931
CUST1457,Finanzen,13,2024-09-21,24,417
CUST1458,Finanzen,19,2024-04-04,36,593
CUST1459,Handel,15,2025-05-15,24,306
CUST1460,Industrie,9,2025-06-08,24,894
CUST1461,Handel,18,2025-02-28,24,324
CUST1462,IT,435,2025-01-27,36,5532
CUST1463,Industrie,6,2024-10-26,24,398
CUST1464,Medien,15,2023-11-03,24,683
CUST1465,Finanzen,18,2023-04-09,36,548
CUST1466,Industrie,487,2025-04-03,36,7770
CUST1467,Medien,12,2025-12-11,24,423
CUST1468,IT,457,2024-11-18,36,6036
CUST1469,Gesundheit,12,2025-11-12,36,624
CUST1470,IT,113,2024-11-20,36,2475
CUST1471,IT,8,2023-09-27,24,216
CUST1472,Gesundheit,101,2025-03-27,24,1471
CUST1473,Handel,11,2025-01-07,24,217
CUST1474,IT,14,2024-11-18,24,701
CUST1475,Gesundheit,14,2023-06-06,24,760
CUST1476,Gesundheit,115,2023-02-15,24,2515
CUST1477,IT,98,2023-05-27,36,1803
CUST1478,Handel,15,2024-05-25,36,396
CUST1479,Medien,12,2024-04-22,36,402
CUST1480,Industrie,10,2023-11-30,36,782
CUST1481,Handel,12,2023-04-07,36,293
CUST1482,IT,13,2023-12-08,36,318
CUST1483,Handel,9,2025-12-14,24,461
CUST1484,Gesundheit,10,2024-01-15,36,749
CUST1485,Industrie,11,2024-12-22,36,513
CUST1486,Industrie,11,2023-12-04,36,676
CUST1487,IT,109,2025-07-06,24,1800
CUST1488,Gesundheit,11,2025-09-27,36,353
CUST1489,Finanzen,9,2025-09-29,36,852
CUST1490,Industrie,10,2023-05-25,36,229
CUST1491,Industrie,112,2025-03-25,24,2586
CUST1492,Handel,18,2023-04-19,36,670
CUST1493,Gesundheit,19,2025-06-11,36,264
CUST1494,Medien,9,2024-06-19,36,600
CUST1495,IT,12,2024-09-27,24,290
CUST1496,Handel,12,2025-01-09,24,179
CUST1497,Handel,19,2024-07-15,36,209
CUST1498,IT,460,2023-02-24,24,6080
CUST1499,Gesundheit,13,2023-07-30,36,924
CUST1500,Handel,14,2023-08-10,36,710
