ID,durchschnittliche_Bandbreitennutzung_pct,Anzahl_Peaks
CUST0001,59.1,4
CUST0002,61.0,1
CUST0003,32.3,1
CUST0004,61.4,2
CUST0005,39.4,1
CUST0006,15.7,0
CUST0007,37.3,1
CUST0008,53.2,1
CUST0009,19.3,2
CUST0010,61.5,1
CUST0011,55.0,2
CUST0012,72.7,1
CUST0013,21.1,1
CUST0014,66.1,1
CUST0015,76.4,2
CUST0016,54.2,0
CUST0017,37.5,1
CUST0018,69.5,2
CUST0019,33.2,0
CUST0020,54.4,1
CUST0021,58.1,4
CUST0022,50.7,3
CUST0023,62.7,3
CUST0024,47.1,2
CUST0025,75.2,0
CUST0026,44.7,3
CUST0027,47.3,0
CUST0028,66.6,1
CUST0029,39.5,9
CUST0030,60.8,6
CUST0031,45.0,2
CUST0032,77.1,10
CUST0033,41.3,1
CUST0034,22.0,0
CUST0035,45.6,1
CUST0036,51.7,2
CUST0037,91.3,5
CUST0038,47.6,0
CUST0039,56.8,5
CUST0040,46.6,2
CUST0041,70.6,4
CUST0042,49.5,2
CUST0043,53.3,5
CUST0044,61.7,1
CUST0045,34.5,0
CUST0046,32.1,1
CUST0047,30.9,1
CUST0048,48.7,0
CUST0049,46.8,0
CUST0050,40.4,0
CUST0051,38.4,2
CUST0052,77.4,9
CUST0053,54.5,1
CUST0054,55.9,0
CUST0055,33.1,0
CUST0056,47.6,0
CUST0057,58.4,6
CUST0058,37.1,1
CUST0059,7.5,0
CUST0060,81.6,0
CUST0061,35.0,2
CUST0062,34.0,5
CUST0063,63.5,1
CUST0064,32.6,3
CUST0065,58.7,4
CUST0066,70.7,2
CUST0067,11.8,1
CUST0068,53.8,2
CUST0069,16.5,3
CUST0070,43.4,2
CUST0071,79.8,4
CUST0072,66.6,1
CUST0073,37.6,1
CUST0074,55.6,2
CUST0075,28.6,5
CUST0076,44.3,0
CUST0077,46.1,0
CUST0078,61.0,7
CUST0079,65.0,2
CUST0080,23.7,3
CUST0081,89.2,0
CUST0082,59.3,1
CUST0083,54.4,9
CUST0084,35.0,1
CUST0085,74.3,0
CUST0086,62.4,1
CUST0087,61.7,3
CUST0088,51.5,0
CUST0089,45.5,1
CUST0090,51.8,5
CUST0091,70.9,0
CUST0092,51.5,2
CUST0093,62.8,1
CUST0094,44.7,0
CUST0095,31.8,1
CUST0096,40.9,0
CUST0097,42.4,0
CUST0098,60.6,2
CUST0099,42.0,1
CUST0100,81.1,0
CUST0101,56.2,2
CUST0102,81.7,3
CUST0103,37.5,2
CUST0104,19.4,1
CUST0105,58.0,8
CUST0106,62.7,2
CUST0107,57.4,1
CUST0108,60.9,2
CUST0109,74.3,1
CUST0110,53.3,3
CUST0111,47.4,4
CUST0112,12.0,2
CUST0113,35.7,1
CUST0114,74.7,2
CUST0115,44.6,0
CUST0116,39.3,0
CUST0117,21.3,0
CUST0118,35.4,2
CUST0119,78.1,0
CUST0120,46.3,0
CUST0121,38.7,0
CUST0122,70.5,4
CUST0123,39.4,2
CUST0124,77.9,6
CUST0125,71.4,5
CUST0126,50.5,8
CUST0127,70.8,1
CUST0128,37.3,2
CUST0129,45.1,2
CUST0130,5.0,2
CUST0131,45.5,1
CUST0132,33.6,1
CUST0133,44.1,1
CUST0134,41.3,1
CUST0135,83.2,6
CUST0136,62.8,6
CUST0137,42.1,0
CUST0138,15.1,2
CUST0139,59.6,2
CUST0140,47.0,4
CUST0141,77.3,7
CUST0142,81.1,7
CUST0143,62.3,4
CUST0144,57.1,0
CUST0145,43.2,1
CUST0146,53.8,2
CUST0147,85.9,2
CUST0148,62.2,1
CUST0149,20.5,0
CUST0150,68.4,6
CUST0151,16.8,1
CUST0152,67.3,3
CUST0153,30.4,1
CUST0154,42.0,1
CUST0155,24.3,4
CUST0156,5.0,2
CUST0157,53.7,1
CUST0158,47.6,0
CUST0159,48.4,2
CUST0160,37.2,1
CUST0161,32.6,0
CUST0162,46.7,0
CUST0163,29.1,2
CUST0164,46.1,1
CUST0165,70.9,4
CUST0166,82.7,2
CUST0167,52.3,0
CUST0168,100.0,0
CUST0169,59.3,0
CUST0170,59.0,1
CUST0171,55.1,2
CUST0172,56.5,1
CUST0173,73.0,8
CUST0174,60.0,1
CUST0175,37.5,0
CUST0176,58.2,3
CUST0177,49.8,0
CUST0178,53.3,1
CUST0179,33.6,7
CUST0180,17.5,4
CUST0181,67.1,7
CUST0182,49.3,1
CUST0183,47.9,2
CUST0184,48.2,0
CUST0185,41.0,4
CUST0186,52.7,1
CUST0187,41.8,1
CUST0188,74.6,0
CUST0189,64.5,2
CUST0190,82.8,1
CUST0191,75.4,0
CUST0192,53.0,0
CUST0193,81.2,3
CUST0194,49.5,1
CUST0195,18.1,2
CUST0196,36.7,2
CUST0197,48.2,1
CUST0198,45.0,4
CUST0199,34.1,1
CUST0200,59.9,4
CUST0201,86.2,3
CUST0202,61.4,1
CUST0203,61.4,4
CUST0204,53.5,2
CUST0205,47.2,4
CUST0206,46.1,1
CUST0207,45.4,0
CUST0208,26.2,2
CUST0209,44.6,1
CUST0210,33.4,2
CUST0211,51.2,4
CUST0212,49.4,3
CUST0213,9.6,0
CUST0214,9.3,1
CUST0215,45.6,2
CUST0216,59.6,4
CUST0217,44.5,4
CUST0218,56.9,0
CUST0219,26.9,0
CUST0220,82.9,5
CUST0221,22.4,2
CUST0222,56.7,2
CUST0223,33.2,1
CUST0224,28.7,0
CUST0225,44.4,0
CUST0226,71.0,0
CUST0227,23.7,0
CUST0228,58.8,5
CUST0229,44.5,2
CUST0230,39.5,2
CUST0231,49.1,0
CUST0232,47.5,3
CUST0233,55.1,0
CUST0234,32.7,0
CUST0235,43.0,1
CUST0236,22.4,3
CUST0237,15.5,2
CUST0238,59.1,0
CUST0239,86.5,2
CUST0240,66.4,3
CUST0241,77.1,3
CUST0242,59.9,1
CUST0243,48.0,0
CUST0244,49.1,3
CUST0245,76.3,4
CUST0246,23.2,1
CUST0247,54.1,2
CUST0248,73.4,3
CUST0249,53.1,1
CUST0250,51.6,1
CUST0251,38.8,0
CUST0252,50.7,2
CUST0253,43.4,0
CUST0254,36.3,0
CUST0255,48.6,0
CUST0256,36.9,4
CUST0257,35.5,1
CUST0258,57.4,0
CUST0259,28.5,1
CUST0260,20.5,2
CUST0261,44.2,1
CUST0262,43.7,2
CUST0263,38.4,2
CUST0264,50.8,2
CUST0265,14.9,0
CUST0266,35.0,1
CUST0267,28.2,1
CUST0268,44.5,1
CUST0269,75.4,3
CUST0270,68.6,1
CUST0271,50.4,1
CUST0272,57.7,0
CUST0273,40.4,1
CUST0274,77.0,6
CUST0275,66.2,0
CUST0276,94.5,0
CUST0277,27.8,3
CUST0278,64.8,4
CUST0279,38.5,0
CUST0280,66.3,6
CUST0281,27.8,1
CUST0282,42.5,1
CUST0283,64.3,7
CUST0284,59.3,3
CUST0285,50.0,0
CUST0286,46.6,3
CUST0287,69.0,4
CUST0288,87.8,5
CUST0289,70.1,4
CUST0290,5.0,3
CUST0291,65.7,5
CUST0292,51.0,2
CUST0293,50.9,0
CUST0294,54.6,3
CUST0295,42.4,1
CUST0296,60.5,1
CUST0297,16.5,0
CUST0298,34.3,1
CUST0299,81.8,1
CUST0300,56.7,6
CUST0301,55.2,0
CUST0302,39.2,3
CUST0303,46.2,2
CUST0304,24.2,1
CUST0305,47.9,2
CUST0306,64.8,2
CUST0307,44.2,1
CUST0308,77.4,1
CUST0309,69.2,2
CUST0310,38.8,0
CUST0311,21.0,2
CUST0312,30.0,2
CUST0313,84.0,8
CUST0314,62.4,1
CUST0315,54.0,3
CUST0316,42.4,1
CUST0317,49.2,4
CUST0318,42.5,2
CUST0319,67.2,1
CUST0320,87.7,5
CUST0321,52.4,4
CUST0322,65.7,4
CUST0323,85.0,4
CUST0324,42.0,2
CUST0325,24.1,0
CUST0326,64.5,1
CUST0327,40.3,1
CUST0328,58.0,3
CUST0329,47.3,6
CUST0330,48.6,4
CUST0331,54.6,2
CUST0332,44.3,1
CUST0333,41.0,0
CUST0334,49.7,5
CUST0335,80.0,4
CUST0336,47.0,1
CUST0337,43.1,1
CUST0338,78.0,3
CUST0339,57.9,7
CUST0340,73.2,8
CUST0341,25.7,1
CUST0342,57.6,1
CUST0343,60.9,6
CUST0344,58.3,0
CUST0345,23.8,2
CUST0346,68.6,2
CUST0347,75.4,5
CUST0348,34.4,1
CUST0349,23.9,1
CUST0350,59.7,2
CUST0351,71.6,7
CUST0352,7.9,1
CUST0353,76.2,0
CUST0354,36.2,3
CUST0355,67.3,1
CUST0356,24.0,2
CUST0357,66.4,3
CUST0358,55.7,0
CUST0359,74.4,1
CUST0360,52.8,4
CUST0361,22.4,2
CUST0362,66.1,9
CUST0363,33.0,2
CUST0364,60.5,5
CUST0365,24.2,1
CUST0366,66.5,6
CUST0367,80.3,3
CUST0368,74.0,1
CUST0369,46.9,3
CUST0370,59.0,3
CUST0371,71.9,6
CUST0372,62.6,1
CUST0373,51.9,3
CUST0374,45.1,0
CUST0375,20.1,1
CUST0376,76.0,1
CUST0377,29.7,2
CUST0378,67.6,8
CUST0379,81.3,1
CUST0380,45.3,2
CUST0381,29.6,1
CUST0382,39.2,1
CUST0383,75.9,3
CUST0384,39.8,1
CUST0385,35.1,1
CUST0386,68.1,4
CUST0387,58.9,1
CUST0388,42.1,1
CUST0389,52.2,1
CUST0390,65.6,1
CUST0391,22.6,1
CUST0392,74.1,5
CUST0393,43.9,2
CUST0394,60.0,7
CUST0395,62.7,6
CUST0396,49.7,1
CUST0397,84.5,2
CUST0398,78.6,1
CUST0399,43.8,3
CUST0400,61.0,7
CUST0401,43.7,5
CUST0402,22.5,7
CUST0403,41.5,2
CUST0404,40.0,3
CUST0405,23.4,1
CUST0406,71.5,0
CUST0407,41.7,1
CUST0408,64.4,2
CUST0409,33.6,1
CUST0410,63.1,3
CUST0411,62.1,3
CUST0412,92.6,2
CUST0413,74.9,7
CUST0414,56.7,1
CUST0415,52.7,0
CUST0416,64.1,3
CUST0417,39.9,4
CUST0418,70.2,5
CUST0419,42.1,0
CUST0420,42.4,2
CUST0421,66.1,0
CUST0422,71.5,0
CUST0423,45.5,1
CUST0424,39.1,2
CUST0425,76.8,1
CUST0426,59.1,3
CUST0427,72.5,5
CUST0428,62.2,1
CUST0429,78.0,7
CUST0430,54.0,1
CUST0431,19.3,2
CUST0432,60.7,1
CUST0433,9.1,1
CUST0434,76.2,1
CUST0435,39.4,2
CUST0436,67.5,5
CUST0437,26.4,2
CUST0438,30.1,1
CUST0439,82.4,3
CUST0440,85.8,5
CUST0441,33.8,4
CUST0442,81.1,3
CUST0443,52.7,0
CUST0444,23.0,2
CUST0445,59.5,0
CUST0446,78.2,1
CUST0447,73.2,0
CUST0448,39.5,3
CUST0449,53.0,7
CUST0450,73.5,3
CUST0451,54.9,1
CUST0452,73.0,1
CUST0453,31.3,0
CUST0454,77.4,0
CUST0455,56.8,2
CUST0456,64.6,7
CUST0457,59.1,6
CUST0458,36.0,0
CUST0459,41.6,2
CUST0460,29.7,0
CUST0461,17.9,0
CUST0462,59.7,1
CUST0463,57.6,2
CUST0464,45.7,1
CUST0465,41.4,1
CUST0466,26.5,1
CUST0467,54.7,0
CUST0468,13.9,1
CUST0469,51.6,2
CUST0470,38.6,0
CUST0471,62.2,3
CUST0472,78.2,1
CUST0473,58.5,5
CUST0474,64.9,1
CUST0475,38.4,1
CUST0476,41.7,1
CUST0477,47.2,1
CUST0478,70.4,1
CUST0479,87.6,1
CUST0480,48.7,8
CUST0481,96.9,6
CUST0482,73.8,0
CUST0483,10.6,1
CUST0484,89.3,3
CUST0485,67.6,1
CUST0486,86.5,3
CUST0487,41.0,0
CUST0488,16.9,1
CUST0489,35.2,6
CUST0490,31.6,1
CUST0491,66.1,2
CUST0492,39.5,1
CUST0493,31.1,6
CUST0494,13.1,1
CUST0495,50.2,0
CUST0496,47.9,0
CUST0497,70.1,3
CUST0498,40.4,2
CUST0499,50.8,1
CUST0500,27.0,4
CUST0501,58.2,9
CUST0502,41.5,4
CUST0503,34.0,2
CUST0504,38.1,3
CUST0505,46.0,4
CUST0506,63.8,2
CUST0507,34.8,1
CUST0508,41.3,0
CUST0509,42.4,1
CUST0510,46.3,5
CUST0511,51.3,2
CUST0512,37.4,2
CUST0513,61.4,2
CUST0514,57.3,3
CUST0515,35.7,2
CUST0516,23.2,2
CUST0517,60.7,0
CUST0518,40.8,1
CUST0519,48.1,1
CUST0520,69.5,3
CUST0521,49.9,0
CUST0522,91.9,1
CUST0523,39.0,2
CUST0524,20.0,1
CUST0525,9.7,0
CUST0526,73.4,2
CUST0527,39.2,0
CUST0528,67.9,10
CUST0529,30.4,1
CUST0530,68.4,2
CUST0531,62.8,7
CUST0532,58.5,2
CUST0533,42.8,1
CUST0534,59.1,2
CUST0535,55.9,2
CUST0536,38.3,2
CUST0537,100.0,13
CUST0538,31.7,5
CUST0539,36.5,2
CUST0540,51.7,1
CUST0541,63.4,0
CUST0542,91.3,5
CUST0543,35.7,2
CUST0544,45.8,1
CUST0545,47.4,1
CUST0546,54.4,3
CUST0547,39.0,0
CUST0548,59.5,2
CUST0549,27.8,1
CUST0550,77.8,7
CUST0551,39.1,1
CUST0552,38.1,1
CUST0553,32.8,3
CUST0554,47.1,0
CUST0555,46.8,3
CUST0556,74.1,0
CUST0557,67.7,6
CUST0558,71.8,9
CUST0559,52.3,1
CUST0560,85.3,5
CUST0561,56.3,3
CUST0562,63.4,4
CUST0563,44.8,0
CUST0564,7.4,0
CUST0565,57.2,4
CUST0566,21.9,2
CUST0567,50.5,2
CUST0568,45.3,2
CUST0569,51.0,2
CUST0570,7.9,4
CUST0571,84.5,0
CUST0572,22.6,0
CUST0573,15.2,1
CUST0574,62.7,4
CUST0575,54.0,2
CUST0576,52.0,3
CUST0577,49.9,2
CUST0578,46.5,2
CUST0579,55.2,4
CUST0580,50.7,1
CUST0581,21.9,3
CUST0582,70.2,3
CUST0583,5.0,0
CUST0584,63.5,3
CUST0585,81.5,4
CUST0586,6.5,0
CUST0587,95.2,1
CUST0588,57.9,1
CUST0589,54.8,1
CUST0590,87.7,3
CUST0591,91.5,7
CUST0592,27.3,0
CUST0593,66.7,5
CUST0594,58.2,3
CUST0595,14.3,3
CUST0596,42.5,1
CUST0597,50.8,8
CUST0598,62.5,0
CUST0599,59.7,2
CUST0600,5.0,2
CUST0601,48.1,1
CUST0602,63.1,1
CUST0603,18.8,3
CUST0604,72.5,3
CUST0605,53.4,3
CUST0606,61.1,1
CUST0607,18.6,2
CUST0608,46.7,5
CUST0609,27.2,2
CUST0610,49.5,2
CUST0611,47.5,2
CUST0612,41.5,2
CUST0613,44.5,1
CUST0614,63.4,1
CUST0615,67.9,1
CUST0616,49.4,2
CUST0617,48.8,1
CUST0618,48.4,2
CUST0619,73.6,2
CUST0620,41.3,2
CUST0621,68.8,2
CUST0622,73.9,1
CUST0623,35.5,1
CUST0624,91.2,8
CUST0625,41.1,0
CUST0626,68.6,2
CUST0627,65.2,6
CUST0628,20.4,0
CUST0629,37.8,1
CUST0630,55.8,5
CUST0631,53.8,1
CUST0632,46.6,2
CUST0633,27.2,0
CUST0634,64.8,0
CUST0635,50.5,1
CUST0636,55.3,0
CUST0637,54.5,5
CUST0638,52.2,8
CUST0639,37.0,2
CUST0640,54.1,2
CUST0641,34.3,1
CUST0642,45.4,8
CUST0643,31.8,0
CUST0644,24.7,1
CUST0645,38.1,1
CUST0646,48.4,2
CUST0647,74.3,3
CUST0648,79.8,2
CUST0649,41.4,2
CUST0650,30.0,0
CUST0651,72.6,1
CUST0652,75.6,5
CUST0653,77.5,3
CUST0654,42.1,1
CUST0655,59.3,4
CUST0656,55.5,1
CUST0657,18.5,2
CUST0658,76.6,7
CUST0659,82.3,5
CUST0660,56.5,5
CUST0661,83.6,3
CUST0662,45.4,0
CUST0663,57.9,6
CUST0664,58.9,1
CUST0665,80.6,1
CUST0666,15.7,0
CUST0667,55.8,4
CUST0668,31.7,5
CUST0669,70.5,1
CUST0670,48.8,3
CUST0671,50.7,1
CUST0672,42.0,2
CUST0673,38.1,2
CUST0674,56.8,1
CUST0675,65.0,0
CUST0676,43.6,1
CUST0677,63.5,0
CUST0678,41.9,1
CUST0679,59.0,0
CUST0680,44.4,5
CUST0681,63.7,2
CUST0682,30.2,2
CUST0683,66.8,4
CUST0684,77.9,3
CUST0685,59.0,2
CUST0686,55.0,1
CUST0687,9.7,2
CUST0688,67.1,2
CUST0689,57.4,6
CUST0690,31.7,4
CUST0691,55.8,2
CUST0692,41.4,2
CUST0693,76.8,13
CUST0694,63.0,2
CUST0695,56.0,2
CUST0696,54.3,0
CUST0697,62.3,2
CUST0698,93.3,3
CUST0699,50.8,1
CUST0700,51.6,4
CUST0701,45.3,3
CUST0702,47.1,1
CUST0703,30.2,0
CUST0704,57.2,0
CUST0705,77.1,2
CUST0706,26.8,0
CUST0707,46.9,1
CUST0708,59.6,1
CUST0709,24.2,1
CUST0710,38.8,2
CUST0711,51.9,2
CUST0712,70.2,5
CUST0713,44.3,2
CUST0714,34.9,5
CUST0715,46.6,0
CUST0716,67.3,1
CUST0717,46.9,2
CUST0718,48.3,1
CUST0719,69.1,4
CUST0720,52.4,1
CUST0721,47.9,3
CUST0722,51.4,2
CUST0723,45.4,2
CUST0724,65.9,2
CUST0725,28.0,0
CUST0726,40.1,3
CUST0727,41.8,1
CUST0728,7.5,1
CUST0729,42.4,2
CUST0730,57.1,2
CUST0731,42.2,7
CUST0732,67.5,1
CUST0733,31.4,0
CUST0734,63.6,6
CUST0735,37.2,6
CUST0736,44.9,1
CUST0737,45.8,0
CUST0738,49.6,3
CUST0739,46.2,1
CUST0740,49.5,7
CUST0741,76.3,9
CUST0742,74.3,3
CUST0743,25.7,1
CUST0744,57.5,2
CUST0745,68.0,1
CUST0746,46.0,2
CUST0747,24.8,1
CUST0748,32.9,1
CUST0749,23.7,1
CUST0750,73.4,3
CUST0751,48.9,0
CUST0752,67.9,8
CUST0753,73.1,0
CUST0754,49.1,0
CUST0755,49.2,7
CUST0756,77.5,3
CUST0757,76.9,4
CUST0758,74.8,2
CUST0759,68.1,1
CUST0760,51.5,0
CUST0761,47.3,4
CUST0762,33.3,3
CUST0763,26.4,3
CUST0764,35.5,3
CUST0765,63.7,10
CUST0766,92.0,1
CUST0767,52.6,1
CUST0768,39.1,1
CUST0769,64.5,7
CUST0770,81.0,7
CUST0771,34.6,3
CUST0772,70.6,1
CUST0773,37.3,0
CUST0774,78.8,3
CUST0775,36.0,4
CUST0776,19.9,2
CUST0777,39.8,4
CUST0778,65.7,4
CUST0779,64.4,8
CUST0780,68.4,0
CUST0781,36.7,1
CUST0782,42.1,1
CUST0783,65.3,5
CUST0784,56.6,4
CUST0785,45.9,5
CUST0786,60.4,5
CUST0787,44.1,0
CUST0788,36.8,9
CUST0789,61.1,4
CUST0790,60.9,4
CUST0791,37.4,1
CUST0792,50.0,1
CUST0793,28.0,1
CUST0794,38.2,2
CUST0795,26.3,1
CUST0796,46.8,2
CUST0797,69.9,3
CUST0798,76.1,1
CUST0799,33.7,0
CUST0800,65.2,1
CUST0801,64.5,1
CUST0802,18.3,2
CUST0803,33.9,3
CUST0804,63.6,1
CUST0805,58.5,7
CUST0806,20.5,1
CUST0807,44.1,1
CUST0808,52.6,2
CUST0809,64.5,6
CUST0810,58.1,0
CUST0811,5.7,0
CUST0812,31.2,0
CUST0813,63.1,3
CUST0814,90.8,1
CUST0815,23.0,3
CUST0816,75.4,9
CUST0817,40.6,11
CUST0818,40.1,3
CUST0819,5.0,0
CUST0820,54.2,1
CUST0821,87.0,9
CUST0822,60.6,2
CUST0823,76.1,4
CUST0824,46.5,2
CUST0825,61.2,1
CUST0826,67.8,11
CUST0827,8.9,1
CUST0828,62.0,1
CUST0829,47.6,0
CUST0830,50.8,6
CUST0831,46.1,0
CUST0832,63.5,2
CUST0833,72.6,1
CUST0834,80.0,1
CUST0835,52.4,4
CUST0836,43.2,0
CUST0837,42.2,1
CUST0838,80.4,2
CUST0839,69.0,1
CUST0840,22.8,1
CUST0841,65.4,3
CUST0842,59.7,3
CUST0843,37.4,2
CUST0844,68.1,1
CUST0845,55.2,1
CUST0846,80.6,3
CUST0847,43.7,1
CUST0848,57.2,3
CUST0849,42.9,0
CUST0850,5.7,2
CUST0851,50.2,5
CUST0852,38.0,0
CUST0853,43.3,2
CUST0854,44.9,0
CUST0855,80.2,4
CUST0856,69.2,3
CUST0857,63.6,0
CUST0858,44.8,1
CUST0859,57.0,4
CUST0860,69.2,2
CUST0861,67.9,5
CUST0862,52.1,0
CUST0863,39.0,0
CUST0864,66.5,9
CUST0865,54.3,0
CUST0866,64.3,10
CUST0867,48.4,1
CUST0868,14.9,0
CUST0869,58.0,3
CUST0870,56.7,1
CUST0871,76.6,1
CUST0872,76.0,5
CUST0873,10.6,0
CUST0874,29.0,2
CUST0875,35.9,4
CUST0876,63.0,1
CUST0877,56.1,4
CUST0878,26.3,0
CUST0879,24.5,1
CUST0880,36.4,0
CUST0881,54.4,0
CUST0882,34.4,2
CUST0883,33.8,2
CUST0884,39.3,0
CUST0885,5.0,1
CUST0886,44.4,2
CUST0887,45.1,2
CUST0888,42.7,2
CUST0889,42.5,2
CUST0890,50.0,0
CUST0891,61.8,6
CUST0892,69.7,3
CUST0893,72.8,9
CUST0894,44.8,1
CUST0895,63.8,2
CUST0896,48.9,0
CUST0897,42.6,6
CUST0898,58.8,0
CUST0899,36.6,1
CUST0900,60.3,2
CUST0901,84.6,0
CUST0902,76.0,6
CUST0903,70.2,0
CUST0904,87.0,3
CUST0905,65.4,4
CUST0906,60.3,6
CUST0907,50.8,1
CUST0908,61.0,4
CUST0909,27.4,3
CUST0910,74.6,5
CUST0911,84.0,3
CUST0912,73.1,1
CUST0913,42.7,1
CUST0914,31.0,4
CUST0915,69.0,5
CUST0916,28.8,1
CUST0917,35.5,3
CUST0918,77.0,4
CUST0919,63.9,2
CUST0920,8.2,1
CUST0921,51.2,0
CUST0922,50.6,2
CUST0923,63.4,0
CUST0924,12.8,0
CUST0925,60.3,4
CUST0926,28.9,1
CUST0927,64.4,6
CUST0928,77.0,4
CUST0929,9.0,0
CUST0930,61.2,0
CUST0931,55.1,2
CUST0932,58.0,0
CUST0933,48.9,0
CUST0934,50.6,1
CUST0935,5.0,0
CUST0936,70.6,2
CUST0937,34.5,1
CUST0938,56.6,2
CUST0939,26.6,2
CUST0940,44.7,3
CUST0941,82.3,3
CUST0942,73.5,5
CUST0943,91.4,1
CUST0944,42.8,3
CUST0945,35.7,2
CUST0946,68.4,0
CUST0947,33.7,2
CUST0948,66.3,4
CUST0949,50.6,6
CUST0950,55.4,2
CUST0951,88.8,4
CUST0952,88.4,4
CUST0953,31.0,2
CUST0954,57.3,3
CUST0955,53.2,3
CUST0956,20.3,1
CUST0957,47.4,3
CUST0958,62.5,7
CUST0959,35.4,2
CUST0960,71.9,1
CUST0961,20.3,0
CUST0962,31.2,3
CUST0963,83.9,4
CUST0964,29.8,2
CUST0965,30.8,0
CUST0966,67.8,7
CUST0967,46.7,3
CUST0968,83.5,0
CUST0969,59.5,1
CUST0970,20.8,0
CUST0971,55.4,1
CUST0972,58.6,7
CUST0973,74.1,1
CUST0974,73.8,6
CUST0975,74.7,5
CUST0976,19.2,1
CUST0977,32.2,2
CUST0978,64.2,2
CUST0979,53.4,3
CUST0980,54.4,4
CUST0981,81.1,2
CUST0982,38.4,2
CUST0983,76.2,4
CUST0984,64.0,3
CUST0985,59.9,0
CUST0986,56.5,1
CUST0987,48.7,1
CUST0988,26.8,2
CUST0989,66.9,1
CUST0990,23.6,1
CUST0991,56.7,5
CUST0992,47.3,0
CUST0993,88.5,6
CUST0994,39.8,1
CUST0995,67.1,3
CUST0996,50.9,1
CUST0997,37.3,1
CUST0998,5.0,0
CUST0999,51.6,1
CUST1000,72.7,11
CUST1001,15.8,1
CUST1002,82.0,3
CUST1003,68.5,9
CUST1004,45.2,2
CUST1005,12.7,0
CUST1006,37.6,1
CUST1007,78.9,3
CUST1008,56.0,2
CUST1009,44.8,0
CUST1010,76.6,3
CUST1011,37.9,2
CUST1012,44.1,2
CUST1013,61.2,1
CUST1014,35.4,1
CUST1015,59.4,0
CUST1016,45.2,2
CUST1017,19.2,1
CUST1018,43.2,4
CUST1019,37.9,1
CUST1020,83.5,0
CUST1021,32.1,0
CUST1022,29.2,2
CUST1023,41.0,4
CUST1024,60.4,5
CUST1025,63.6,6
CUST1026,40.7,5
CUST1027,62.9,5
CUST1028,69.6,3
CUST1029,61.1,2
CUST1030,82.6,4
CUST1031,75.0,3
CUST1032,83.0,2
CUST1033,27.7,1
CUST1034,35.9,9
CUST1035,44.3,4
CUST1036,46.5,0
CUST1037,69.3,5
CUST1038,40.3,3
CUST1039,57.5,3
CUST1040,32.8,2
CUST1041,59.8,2
CUST1042,31.3,3
CUST1043,53.1,4
CUST1044,41.7,1
CUST1045,64.8,1
CUST1046,77.9,1
CUST1047,69.0,2
CUST1048,46.8,0
CUST1049,87.5,7
CUST1050,44.9,0
CUST1051,60.9,1
CUST1052,72.4,1
CUST1053,41.4,0
CUST1054,26.7,2
CUST1055,51.2,4
CUST1056,62.5,1
CUST1057,38.0,0
CUST1058,57.5,2
CUST1059,15.2,1
CUST1060,59.4,2
CUST1061,65.6,2
CUST1062,50.8,1
CUST1063,96.9,4
CUST1064,77.3,1
CUST1065,58.1,2
CUST1066,34.5,0
CUST1067,71.8,0
CUST1068,17.5,3
CUST1069,42.5,1
CUST1070,44.6,7
CUST1071,18.1,0
CUST1072,50.2,1
CUST1073,74.4,6
CUST1074,65.3,1
CUST1075,51.0,4
CUST1076,62.5,2
CUST1077,48.7,2
CUST1078,23.0,3
CUST1079,47.3,2
CUST1080,47.8,6
CUST1081,41.1,4
CUST1082,19.7,0
CUST1083,68.2,5
CUST1084,60.7,5
CUST1085,46.6,1
CUST1086,32.7,0
CUST1087,35.6,0
CUST1088,46.2,1
CUST1089,50.8,4
CUST1090,53.8,3
CUST1091,51.0,2
CUST1092,77.7,0
CUST1093,70.7,2
CUST1094,15.0,0
CUST1095,50.5,2
CUST1096,24.4,2
CUST1097,31.1,2
CUST1098,52.6,2
CUST1099,15.8,0
CUST1100,71.5,1
CUST1101,11.5,1
CUST1102,79.5,1
CUST1103,81.5,4
CUST1104,20.7,4
CUST1105,67.4,5
CUST1106,59.3,9
CUST1107,56.0,0
CUST1108,61.6,1
CUST1109,39.8,3
CUST1110,56.6,2
CUST1111,46.1,7
CUST1112,19.3,1
CUST1113,70.5,3
CUST1114,47.8,0
CUST1115,15.1,2
CUST1116,58.3,4
CUST1117,54.7,3
CUST1118,27.6,1
CUST1119,57.7,4
CUST1120,53.9,1
CUST1121,60.3,1
CUST1122,55.6,1
CUST1123,50.9,0
CUST1124,42.7,2
CUST1125,45.3,2
CUST1126,39.9,5
CUST1127,15.7,1
CUST1128,56.0,1
CUST1129,58.6,8
CUST1130,52.6,0
CUST1131,69.5,6
CUST1132,71.5,3
CUST1133,53.1,1
CUST1134,51.8,1
CUST1135,48.5,3
CUST1136,56.4,2
CUST1137,22.6,0
CUST1138,45.9,1
CUST1139,55.1,3
CUST1140,38.4,0
CUST1141,20.8,1
CUST1142,100.0,3
CUST1143,27.4,1
CUST1144,68.4,2
CUST1145,42.4,2
CUST1146,66.8,0
CUST1147,64.9,2
CUST1148,70.8,2
CUST1149,52.8,2
CUST1150,49.9,3
CUST1151,61.2,1
CUST1152,69.3,3
CUST1153,76.7,6
CUST1154,55.0,0
CUST1155,68.9,3
CUST1156,40.7,3
CUST1157,65.7,6
CUST1158,64.0,8
CUST1159,52.5,2
CUST1160,62.1,2
CUST1161,37.4,2
CUST1162,56.8,1
CUST1163,71.6,6
CUST1164,38.1,3
CUST1165,100.0,8
CUST1166,69.1,5
CUST1167,74.8,0
CUST1168,71.4,9
CUST1169,42.6,2
CUST1170,51.1,6
CUST1171,74.3,3
CUST1172,34.7,0
CUST1173,49.0,11
CUST1174,18.7,2
CUST1175,33.8,2
CUST1176,56.7,0
CUST1177,47.0,5
CUST1178,95.0,0
CUST1179,65.9,3
CUST1180,100.0,6
CUST1181,41.9,2
CUST1182,21.6,2
CUST1183,56.8,5
CUST1184,30.8,0
CUST1185,56.3,3
CUST1186,26.2,2
CUST1187,43.8,4
CUST1188,38.7,3
CUST1189,57.8,2
CUST1190,41.5,0
CUST1191,82.9,4
CUST1192,73.9,0
CUST1193,60.1,8
CUST1194,63.5,4
CUST1195,38.7,2
CUST1196,14.1,1
CUST1197,86.0,5
CUST1198,59.4,2
CUST1199,67.4,4
CUST1200,45.7,2
CUST1201,83.2,4
CUST1202,44.6,0
CUST1203,48.7,1
CUST1204,25.4,4
CUST1205,31.8,0
CUST1206,65.1,1
CUST1207,25.9,3
CUST1208,44.6,2
CUST1209,46.5,6
CUST1210,32.5,1
CUST1211,68.3,0
CUST1212,28.7,0
CUST1213,31.4,0
CUST1214,44.5,0
CUST1215,85.9,4
CUST1216,47.7,2
CUST1217,29.1,2
CUST1218,49.4,2
CUST1219,76.2,4
CUST1220,66.4,5
CUST1221,66.6,8
CUST1222,41.4,3
CUST1223,19.1,0
CUST1224,43.6,0
CUST1225,61.4,0
CUST1226,19.7,3
CUST1227,63.4,0
CUST1228,75.2,3
CUST1229,48.2,0
CUST1230,63.5,7
CUST1231,46.7,1
CUST1232,70.5,5
CUST1233,28.9,2
CUST1234,85.2,3
CUST1235,31.8,0
CUST1236,45.6,0
CUST1237,39.4,0
CUST1238,41.6,2
CUST1239,76.4,1
CUST1240,38.8,1
CUST1241,23.1,3
CUST1242,34.1,0
CUST1243,60.1,1
CUST1244,32.5,1
CUST1245,28.8,0
CUST1246,43.5,0
CUST1247,38.5,2
CUST1248,44.7,12
CUST1249,59.3,2
CUST1250,52.7,2
CUST1251,60.1,7
CUST1252,58.7,3
CUST1253,28.1,1
CUST1254,33.6,4
CUST1255,70.6,1
CUST1256,62.4,7
CUST1257,76.7,4
CUST1258,34.5,1
CUST1259,71.6,2
CUST1260,50.2,3
CUST1261,53.3,6
CUST1262,51.9,3
CUST1263,71.8,8
CUST1264,38.8,0
CUST1265,63.2,3
CUST1266,46.0,7
CUST1267,71.3,5
CUST1268,52.2,5
CUST1269,39.8,2
CUST1270,55.0,0
CUST1271,43.3,1
CUST1272,63.8,1
CUST1273,53.6,1
CUST1274,16.2,1
CUST1275,83.9,3
CUST1276,47.6,6
CUST1277,28.7,0
CUST1278,42.9,3
CUST1279,64.0,1
CUST1280,73.0,4
CUST1281,37.9,0
CUST1282,44.4,1
CUST1283,100.0,3
CUST1284,72.2,4
CUST1285,49.8,3
CUST1286,75.6,0
CUST1287,64.3,1
CUST1288,65.0,6
CUST1289,43.1,0
CUST1290,54.1,2
CUST1291,49.3,1
CUST1292,52.8,2
CUST1293,79.7,3
CUST1294,76.2,8
CUST1295,12.5,1
CUST1296,6.2,1
CUST1297,75.8,3
CUST1298,53.6,1
CUST1299,36.4,0
CUST1300,54.2,2
CUST1301,20.9,1
CUST1302,82.1,4
CUST1303,48.9,2
CUST1304,43.0,1
CUST1305,54.8,3
CUST1306,62.7,3
CUST1307,49.1,1
CUST1308,63.5,1
CUST1309,42.3,0
CUST1310,67.2,1
CUST1311,61.3,1
CUST1312,43.4,2
CUST1313,82.0,8
CUST1314,60.7,6
CUST1315,57.1,4
CUST1316,42.0,4
CUST1317,48.7,2
CUST1318,69.6,5
CUST1319,43.6,1
CUST1320,34.0,1
CUST1321,50.0,2
CUST1322,84.5,3
CUST1323,69.5,12
CUST1324,65.8,5
CUST1325,47.7,3
CUST1326,76.7,7
CUST1327,44.7,2
CUST1328,8.3,3
CUST1329,40.8,1
CUST1330,33.9,0
CUST1331,34.9,0
CUST1332,56.9,0
CUST1333,42.3,2
CUST1334,64.1,3
CUST1335,45.5,4
CUST1336,65.0,0
CUST1337,42.0,0
CUST1338,34.0,0
CUST1339,32.2,1
CUST1340,51.1,0
CUST1341,14.5,3
CUST1342,19.2,3
CUST1343,27.1,1
CUST1344,63.8,7
CUST1345,50.8,2
CUST1346,63.1,5
CUST1347,25.8,1
CUST1348,69.3,2
CUST1349,63.8,2
CUST1350,57.2,1
CUST1351,22.8,0
CUST1352,53.0,1
CUST1353,65.1,0
CUST1354,48.5,1
CUST1355,46.4,3
CUST1356,33.9,1
CUST1357,78.3,7
CUST1358,75.1,7
CUST1359,24.1,1
CUST1360,38.7,1
CUST1361,20.8,0
CUST1362,72.3,4
CUST1363,39.9,3
CUST1364,52.7,0
CUST1365,11.2,1
CUST1366,20.0,1
CUST1367,56.2,4
CUST1368,38.1,2
CUST1369,50.1,0
CUST1370,40.1,0
CUST1371,30.9,3
CUST1372,28.1,1
CUST1373,56.5,4
CUST1374,60.7,2
CUST1375,34.9,0
CUST1376,32.2,0
CUST1377,63.4,0
CUST1378,65.2,4
CUST1379,41.6,0
CUST1380,36.1,2
CUST1381,25.4,2
CUST1382,45.1,7
CUST1383,63.7,3
CUST1384,89.7,2
CUST1385,64.0,1
CUST1386,33.7,3
CUST1387,14.8,1
CUST1388,44.7,1
CUST1389,29.9,2
CUST1390,71.3,3
CUST1391,38.5,1
CUST1392,81.2,1
CUST1393,37.3,0
CUST1394,52.9,3
CUST1395,76.7,0
CUST1396,73.8,3
CUST1397,48.8,2
CUST1398,65.6,7
CUST1399,17.8,2
CUST1400,43.5,1
CUST1401,42.6,2
CUST1402,64.4,3
CUST1403,54.6,0
CUST1404,35.0,2
CUST1405,48.1,1
CUST1406,23.8,2
CUST1407,32.5,0
CUST1408,33.8,1
CUST1409,27.6,0
CUST1410,75.0,9
CUST1411,63.3,2
CUST1412,86.2,5
CUST1413,41.2,0
CUST1414,5.0,1
CUST1415,47.0,3
CUST1416,51.2,2
CUST1417,43.7,4
CUST1418,31.6,2
CUST1419,63.7,3
CUST1420,86.1,7
CUST1421,26.3,3
CUST1422,57.8,1
CUST1423,69.3,5
CUST1424,65.3,2
CUST1425,56.7,1
CUST1426,90.2,0
CUST1427,40.6,2
CUST1428,5.0,3
CUST1429,75.1,1
CUST1430,66.6,2
CUST1431,81.9,4
CUST1432,65.2,6
CUST1433,57.8,3
CUST1434,62.5,5
CUST1435,78.9,5
CUST1436,43.5,0
CUST1437,49.3,4
CUST1438,20.5,1
CUST1439,57.0,7
CUST1440,18.7,2
CUST1441,63.1,1
CUST1442,32.5,0
CUST1443,54.7,1
CUST1444,67.9,5
CUST1445,71.6,4
CUST1446,48.9,3
CUST1447,55.0,1
CUST1448,68.7,0
CUST1449,34.7,0
CUST1450,40.0,6
CUST1451,78.4,0
CUST1452,45.8,3
CUST1453,61.6,2
CUST1454,18.7,0
CUST1455,60.6,2
CUST1456,84.5,5
CUST1457,32.6,0
CUST1458,54.1,0
CUST1459,42.8,2
CUST1460,27.6,2
CUST1461,53.2,0
CUST1462,76.6,12
CUST1463,64.2,1
CUST1464,54.2,1
CUST1465,31.2,2
CUST1466,58.6,10
CUST1467,37.5,0
CUST1468,61.9,10
CUST1469,9.9,1
CUST1470,57.4,7
CUST1471,58.4,1
CUST1472,84.5,3
CUST1473,5.0,1
CUST1474,38.0,1
CUST1475,31.6,0
CUST1476,100.0,5
CUST1477,62.0,4
CUST1478,50.1,2
CUST1479,30.4,3
CUST1480,53.1,0
CUST1481,17.9,0
CUST1482,11.3,1
CUST1483,40.6,2
CUST1484,55.6,2
CUST1485,20.6,0
CUST1486,9.8,2
CUST1487,93.6,3
CUST1488,38.1,2
CUST1489,52.1,2
CUST1490,42.2,0
CUST1491,53.4,1
CUST1492,22.8,0
CUST1493,45.3,0
CUST1494,55.5,2
CUST1495,38.5,0
CUST1496,22.9,2
CUST1497,26.9,2
CUST1498,94.7,6
CUST1499,28.5,2
CUST1500,24.6,2
